x1,x2,x3,objective
0.679703,0.655098,0.162612,-0.055556
0.679703,0.655098,0.162612,-0.055556
0.611732,0.687853,0.170742,-0.061224
0.611732,0.687853,0.170742,-0.061224
0.611732,0.687853,0.170742,-0.061224
0.611732,0.687853,0.170742,-0.061224
0.611732,0.687853,0.170742,-0.061224
0.611732,0.687853,0.170742,-0.061224
0.611732,0.687853,0.170742,-0.061224
0.611732,0.687853,0.170742,-0.061224
0.611732,0.687853,0.170742,-0.061224
0.611732,0.687853,0.170742,-0.061224
0.611732,0.687853,0.170742,-0.061224
0.611732,0.687853,0.170742,-0.061224
0.611732,0.687853,0.170742,-0.061224
0.611732,0.687853,0.170742,-0.061224
0.611732,0.687853,0.170742,-0.061224
0.118998,0.498364,0.959744,-0.090909
0.118998,0.498364,0.959744,-0.090909
0.122964,0.473446,0.991735,-0.117647
0.122964,0.473446,0.991735,-0.117647
0.122964,0.473446,0.991735,-0.117647
0.122964,0.473446,0.991735,-0.117647
0.122964,0.473446,0.991735,-0.117647
0.122964,0.473446,0.991735,-0.117647
0.122964,0.473446,0.991735,-0.117647
0.122964,0.473446,0.991735,-0.117647
0.122964,0.473446,0.991735,-0.117647
0.122964,0.473446,0.991735,-0.117647
0.122964,0.473446,0.991735,-0.117647
0.122964,0.473446,0.991735,-0.117647
0.122964,0.473446,0.991735,-0.117647
0.122964,0.473446,0.991735,-0.117647
0.340386,0.585268,0.223812,-0.096774
0.340386,0.585268,0.223812,-0.096774
0.340386,0.585268,0.223812,-0.096774
0.340386,0.585268,0.223812,-0.096774
0.340386,0.585268,0.223812,-0.096774
0.340386,0.585268,0.223812,-0.096774
0.340386,0.585268,0.223812,-0.096774
0.340386,0.585268,0.223812,-0.096774
0.340386,0.585268,0.223812,-0.096774
0.340386,0.585268,0.223812,-0.096774
0.340386,0.585268,0.223812,-0.096774
0.340386,0.585268,0.223812,-0.096774
0.340386,0.585268,0.223812,-0.096774
0.751267,0.255095,0.505957,-0.048780
0.751267,0.255095,0.505957,-0.048780
0.751267,0.255095,0.505957,-0.048780
0.751267,0.255095,0.505957,-0.048780
0.751267,0.255095,0.505957,-0.048780
0.751267,0.255095,0.505957,-0.048780
0.751267,0.255095,0.505957,-0.048780
0.751267,0.255095,0.505957,-0.048780
0.751267,0.255095,0.505957,-0.048780
0.751267,0.255095,0.505957,-0.048780
0.751267,0.255095,0.505957,-0.048780
0.699077,0.890903,0.959291,-0.044118
0.699077,0.890903,0.959291,-0.044118
0.699077,0.890903,0.959291,-0.044118
0.652472,0.846358,1.039232,-0.048387
0.652472,0.846358,1.039232,-0.048387
0.598099,0.861206,0.996597,-0.050847
0.497121,0.831510,1.129832,-0.058824
0.497121,0.831510,1.129832,-0.058824
0.310701,0.786965,1.145820,-0.081081
0.287398,0.742419,1.252408,-0.083333
0.287398,0.742419,1.252408,-0.083333
0.287398,0.742419,1.252408,-0.083333
0.287398,0.742419,1.252408,-0.083333
0.287398,0.742419,1.252408,-0.083333
0.287398,0.742419,1.252408,-0.083333
0.287398,0.742419,1.252408,-0.083333
0.287398,0.742419,1.252408,-0.083333
0.287398,0.742419,1.252408,-0.083333
0.287398,0.742419,1.252408,-0.083333
0.287398,0.742419,1.252408,-0.083333
0.287398,0.742419,1.252408,-0.083333
0.287398,0.742419,1.252408,-0.083333
0.287398,0.742419,1.252408,-0.083333
0.287398,0.742419,1.252408,-0.083333
0.287398,0.742419,1.252408,-0.083333
0.547216,0.138624,0.149294,-0.076923
0.547216,0.138624,0.149294,-0.076923
0.547216,0.138624,0.149294,-0.076923
0.547216,0.138624,0.149294,-0.076923
0.547216,0.138624,0.149294,-0.076923
0.547216,0.138624,0.149294,-0.076923
0.547216,0.138624,0.149294,-0.076923
0.547216,0.138624,0.149294,-0.076923
0.547216,0.138624,0.149294,-0.076923
0.547216,0.138624,0.149294,-0.076923
0.547216,0.138624,0.149294,-0.076923
0.257508,0.840717,0.254282,-0.088235
0.257508,0.840717,0.254282,-0.088235
0.266092,0.868741,0.241568,-0.090909
0.266092,0.868741,0.241568,-0.090909
0.266092,0.868741,0.241568,-0.090909
0.266092,0.868741,0.241568,-0.090909
0.266092,0.868741,0.241568,-0.090909
0.266092,0.868741,0.241568,-0.090909
0.266092,0.868741,0.241568,-0.090909
0.266092,0.868741,0.241568,-0.090909
0.266092,0.868741,0.241568,-0.090909
0.266092,0.868741,0.241568,-0.090909
0.266092,0.868741,0.241568,-0.090909
0.266092,0.868741,0.241568,-0.090909
0.266092,0.868741,0.241568,-0.090909
0.266092,0.868741,0.241568,-0.090909
0.814285,0.243525,0.929264,-0.046512
0.814285,0.243525,0.929264,-0.046512
0.732856,0.255701,0.975727,-0.050000
0.732856,0.255701,0.975727,-0.050000
0.732856,0.255701,0.975727,-0.050000
0.588095,0.278701,0.980889,-0.062500
0.588095,0.278701,0.980889,-0.062500
0.588095,0.278701,0.980889,-0.062500
0.433950,0.293382,1.052209,-0.117647
0.433950,0.293382,1.052209,-0.117647
0.433950,0.293382,1.052209,-0.117647
0.433950,0.293382,1.052209,-0.117647
0.433950,0.293382,1.052209,-0.117647
0.433950,0.293382,1.052209,-0.117647
0.433950,0.293382,1.052209,-0.117647
0.433950,0.293382,1.052209,-0.117647
0.433950,0.293382,1.052209,-0.117647
0.433950,0.293382,1.052209,-0.117647
0.433950,0.293382,1.052209,-0.117647
0.433950,0.293382,1.052209,-0.117647
0.433950,0.293382,1.052209,-0.117647
0.433950,0.293382,1.052209,-0.117647
0.433950,0.293382,1.052209,-0.117647
0.349984,0.196595,0.251084,-0.133333
0.349984,0.196595,0.251084,-0.133333
0.349984,0.196595,0.251084,-0.133333
0.349984,0.196595,0.251084,-0.133333
0.349984,0.196595,0.251084,-0.133333
0.349984,0.196595,0.251084,-0.133333
0.349984,0.196595,0.251084,-0.133333
0.349984,0.196595,0.251084,-0.133333
0.349984,0.196595,0.251084,-0.133333
0.349984,0.196595,0.251084,-0.133333
0.616045,0.473289,0.351660,-0.060606
0.616045,0.496953,0.351660,-0.073171
0.616045,0.496953,0.351660,-0.073171
0.616045,0.496953,0.351660,-0.073171
0.621178,0.494981,0.347264,-0.076923
0.621178,0.494981,0.347264,-0.076923
0.621178,0.494981,0.347264,-0.076923
0.621178,0.494981,0.347264,-0.076923
0.621178,0.494981,0.347264,-0.076923
0.621178,0.494981,0.347264,-0.076923
0.621178,0.494981,0.347264,-0.076923
0.621178,0.494981,0.347264,-0.076923
0.621178,0.494981,0.347264,-0.076923
0.621178,0.494981,0.347264,-0.076923
0.621178,0.494981,0.347264,-0.076923
0.621178,0.494981,0.347264,-0.076923
0.830829,0.585264,0.549724,-0.044776
0.830829,0.585264,0.549724,-0.044776
0.830829,0.585264,0.549724,-0.044776
0.830829,0.585264,0.549724,-0.044776
0.830829,0.585264,0.549724,-0.044776
0.830829,0.585264,0.549724,-0.044776
0.830829,0.585264,0.549724,-0.044776
0.830829,0.585264,0.549724,-0.044776
0.830829,0.585264,0.549724,-0.044776
0.830829,0.585264,0.549724,-0.044776
0.830829,0.585264,0.549724,-0.044776
0.917194,0.285839,0.757200,-0.042553
0.917194,0.285839,0.757200,-0.042553
0.825474,0.300131,0.795060,-0.045455
0.825474,0.300131,0.795060,-0.045455
0.764328,0.290603,0.782440,-0.048780
0.611462,0.323951,0.807680,-0.062500
0.611462,0.323951,0.807680,-0.062500
0.336304,0.319187,0.845540,-0.117647
0.336304,0.319187,0.845540,-0.117647
0.336304,0.319187,0.845540,-0.117647
0.336304,0.319187,0.845540,-0.117647
0.336304,0.319187,0.845540,-0.117647
0.336304,0.319187,0.845540,-0.117647
0.336304,0.319187,0.845540,-0.117647
0.336304,0.319187,0.845540,-0.117647
0.336304,0.319187,0.845540,-0.117647
0.336304,0.319187,0.845540,-0.117647
0.336304,0.319187,0.845540,-0.117647
0.336304,0.319187,0.845540,-0.117647
0.336304,0.319187,0.845540,-0.117647
0.336304,0.319187,0.845540,-0.117647
0.336304,0.319187,0.845540,-0.117647
0.336304,0.319187,0.845540,-0.117647
0.753729,0.380446,0.567822,-0.048780
0.753729,0.380446,0.567822,-0.048780
0.678356,0.399468,0.596213,-0.058824
0.678356,0.399468,0.596213,-0.058824
0.678356,0.399468,0.596213,-0.058824
0.544360,0.401582,0.649840,-0.064516
0.544360,0.401582,0.649840,-0.064516
0.441071,0.442444,0.692953,-0.105263
0.350810,0.442679,0.708375,-0.117647
0.350810,0.442679,0.708375,-0.117647
0.350810,0.442679,0.708375,-0.117647
0.350810,0.442679,0.708375,-0.117647
0.350810,0.442679,0.708375,-0.117647
0.350810,0.442679,0.708375,-0.117647
0.350810,0.442679,0.708375,-0.117647
0.350810,0.442679,0.708375,-0.117647
0.350810,0.442679,0.708375,-0.117647
0.350810,0.442679,0.708375,-0.117647
0.350810,0.442679,0.708375,-0.117647
0.350810,0.442679,0.708375,-0.117647
0.350810,0.442679,0.708375,-0.117647
0.350810,0.442679,0.708375,-0.117647
0.350810,0.442679,0.708375,-0.117647
0.075854,0.053950,0.530798,-0.117647
0.075854,0.053950,0.530798,-0.117647
0.078383,0.055748,0.504258,-0.125000
0.078383,0.055748,0.504258,-0.125000
0.078383,0.055748,0.504258,-0.125000
0.078383,0.055748,0.504258,-0.125000
0.078383,0.055748,0.504258,-0.125000
0.078383,0.055748,0.504258,-0.125000
0.078383,0.055748,0.504258,-0.125000
0.078383,0.055748,0.504258,-0.125000
0.078383,0.055748,0.504258,-0.125000
0.078383,0.055748,0.504258,-0.125000
0.078383,0.055748,0.504258,-0.125000
0.779167,0.934011,0.129906,-0.041667
0.779167,0.934011,0.129906,-0.041667
0.818126,0.840610,0.136402,-0.042857
0.740209,0.840610,0.142897,-0.046154
0.740209,0.840610,0.142897,-0.046154
0.779167,0.622674,0.155887,-0.050000
0.662292,0.591540,0.162383,-0.058824
0.662292,0.591540,0.162383,-0.058824
0.636320,0.093401,0.203520,-0.071429
0.415556,0.000000,0.225171,-0.142857
0.415556,0.000000,0.225171,-0.142857
0.415556,0.000000,0.225171,-0.142857
-0.038958,-0.889040,0.313218,-0.166667
-0.038958,-0.889040,0.313218,-0.166667
-0.075031,-0.531195,0.292930,-0.181818
-0.075031,-0.531195,0.292930,-0.181818
-0.075031,-0.531195,0.292930,-0.181818
-0.075031,-0.531195,0.292930,-0.181818
-0.075031,-0.531195,0.292930,-0.181818
-0.075031,-0.531195,0.292930,-0.181818
-0.075031,-0.531195,0.292930,-0.181818
-0.075031,-0.531195,0.292930,-0.181818
-0.075031,-0.531195,0.292930,-0.181818
-0.075031,-0.531195,0.292930,-0.181818
-0.075031,-0.531195,0.292930,-0.181818
-0.075031,-0.531195,0.292930,-0.181818
-0.075031,-0.531195,0.292930,-0.181818
-0.075031,-0.531195,0.292930,-0.181818
-0.075031,-0.531195,0.292930,-0.181818
-0.075031,-0.531195,0.292930,-0.181818
-0.075031,-0.531195,0.292930,-0.181818
-0.075031,-0.531195,0.292930,-0.181818
0.568824,0.469391,0.011902,-0.000000
0.568824,0.469391,0.011902,-0.000000
0.568824,0.469391,0.011902,-0.000000
0.568824,0.469391,0.011902,-0.000000
0.568824,0.469391,0.011902,-0.000000
0.568824,0.469391,0.011902,-0.000000
0.568824,0.469391,0.011902,-0.000000
0.568824,0.469391,0.011902,-0.000000
0.568824,0.469391,0.011902,-0.000000
0.568824,0.469391,0.011902,-0.000000
0.568824,0.469391,0.011902,-0.000000
0.337123,0.162182,0.794285,-0.117647
0.337123,0.162182,0.794285,-0.117647
0.337123,0.162182,0.794285,-0.117647
0.337123,0.162182,0.794285,-0.117647
0.337123,0.162182,0.794285,-0.117647
0.337123,0.162182,0.794285,-0.117647
0.337123,0.162182,0.794285,-0.117647
0.337123,0.162182,0.794285,-0.117647
0.337123,0.162182,0.794285,-0.117647
0.337123,0.162182,0.794285,-0.117647
0.337123,0.162182,0.794285,-0.117647
0.311215,0.528533,0.165649,-0.096774
0.311215,0.528533,0.165649,-0.096774
0.321589,0.546151,0.157366,-0.100000
0.321589,0.546151,0.157366,-0.100000
0.321589,0.546151,0.157366,-0.100000
0.321589,0.546151,0.157366,-0.100000
0.321589,0.546151,0.157366,-0.100000
0.321589,0.546151,0.157366,-0.100000
0.321589,0.546151,0.157366,-0.100000
0.321589,0.546151,0.157366,-0.100000
0.321589,0.546151,0.157366,-0.100000
0.321589,0.546151,0.157366,-0.100000
0.601982,0.262971,0.654079,-0.062500
0.601982,0.262971,0.654079,-0.062500
0.601982,0.262971,0.654079,-0.062500
0.601982,0.262971,0.654079,-0.062500
0.601982,0.262971,0.654079,-0.062500
0.601982,0.262971,0.654079,-0.062500
0.601982,0.262971,0.654079,-0.062500
0.601982,0.262971,0.654079,-0.062500
0.601982,0.262971,0.654079,-0.062500
0.601982,0.262971,0.654079,-0.062500
0.601982,0.262971,0.654079,-0.062500
0.689215,0.748152,0.450542,-0.051724
0.689215,0.748152,0.450542,-0.051724
0.689215,0.748152,0.450542,-0.051724
0.689215,0.748152,0.450542,-0.051724
0.689215,0.748152,0.450542,-0.051724
0.689215,0.748152,0.450542,-0.051724
0.689215,0.748152,0.450542,-0.051724
0.689215,0.748152,0.450542,-0.051724
0.689215,0.748152,0.450542,-0.051724
0.689215,0.748152,0.450542,-0.051724
0.689215,0.748152,0.450542,-0.051724
0.689215,0.748152,0.450542,-0.051724
0.689215,0.748152,0.450542,-0.051724
0.083821,0.228977,0.913337,-0.117647
0.083821,0.228977,0.913337,-0.117647
0.083821,0.228977,0.913337,-0.117647
0.083821,0.228977,0.913337,-0.117647
0.083821,0.228977,0.913337,-0.117647
0.083821,0.228977,0.913337,-0.117647
0.083821,0.228977,0.913337,-0.117647
0.083821,0.228977,0.913337,-0.117647
0.083821,0.228977,0.913337,-0.117647
0.083821,0.228977,0.913337,-0.117647
0.083821,0.228977,0.913337,-0.117647
0.152378,0.825817,0.538342,-0.083333
0.152378,0.825817,0.538342,-0.083333
0.157457,0.853344,0.511425,-0.085714
0.157457,0.853344,0.511425,-0.085714
0.157457,0.853344,0.511425,-0.085714
0.157457,0.853344,0.511425,-0.085714
0.157457,0.853344,0.511425,-0.085714
0.157457,0.853344,0.511425,-0.085714
0.157457,0.853344,0.511425,-0.085714
0.157457,0.853344,0.511425,-0.085714
0.157457,0.853344,0.511425,-0.085714
0.157457,0.853344,0.511425,-0.085714
0.157457,0.853344,0.511425,-0.085714
0.157457,0.853344,0.511425,-0.085714
0.157457,0.853344,0.511425,-0.085714
0.996135,0.078176,0.442678,-0.042553
0.996135,0.078176,0.442678,-0.042553
0.896521,0.082084,0.464812,-0.044444
0.896521,0.082084,0.464812,-0.044444
0.896521,0.082084,0.464812,-0.044444
0.719431,0.089468,0.467272,-0.055556
0.719431,0.089468,0.467272,-0.055556
0.568166,0.094390,0.520557,-0.064516
0.306219,0.109301,0.517278,-0.117647
0.306219,0.109301,0.517278,-0.117647
0.306219,0.109301,0.517278,-0.117647
-0.176271,0.126947,0.578852,-0.125000
-0.176271,0.126947,0.578852,-0.125000
-0.176271,0.126947,0.578852,-0.125000
-0.285297,0.133303,0.555278,-0.133333
-0.285297,0.133303,0.555278,-0.133333
-0.285297,0.133303,0.555278,-0.133333
-0.285297,0.133303,0.555278,-0.133333
-0.285297,0.133303,0.555278,-0.133333
-0.285297,0.133303,0.555278,-0.133333
-0.285297,0.133303,0.555278,-0.133333
-0.285297,0.133303,0.555278,-0.133333
-0.285297,0.133303,0.555278,-0.133333
-0.285297,0.133303,0.555278,-0.133333
-0.285297,0.133303,0.555278,-0.133333
-0.285297,0.133303,0.555278,-0.133333
-0.285297,0.133303,0.555278,-0.133333
-0.285297,0.133303,0.555278,-0.133333
-0.285297,0.133303,0.555278,-0.133333
-0.285297,0.133303,0.555278,-0.133333
0.106653,0.961898,0.004634,-0.041667
0.106653,0.961898,0.004634,-0.041667
0.111985,0.865708,0.004866,-0.045455
0.111985,0.865708,0.004866,-0.045455
0.111985,0.865708,0.004866,-0.045455
0.111985,0.865708,0.004866,-0.045455
0.111985,0.865708,0.004866,-0.045455
0.111985,0.865708,0.004866,-0.045455
0.111985,0.865708,0.004866,-0.045455
0.111985,0.865708,0.004866,-0.045455
0.111985,0.865708,0.004866,-0.045455
0.111985,0.865708,0.004866,-0.045455
0.111985,0.865708,0.004866,-0.045455
0.111985,0.865708,0.004866,-0.045455
0.111985,0.865708,0.004866,-0.045455
0.774910,0.817303,0.868695,-0.043478
0.774910,0.817303,0.868695,-0.043478
0.774910,0.817303,0.868695,-0.043478
0.736165,0.762816,0.941086,-0.046154
0.736165,0.762816,0.941086,-0.046154
0.736165,0.762816,0.941086,-0.046154
0.731860,0.620545,1.026347,-0.049180
0.650064,0.614491,1.039216,-0.056604
0.650064,0.614491,1.039216,-0.056604
0.563963,0.302705,1.282129,-0.062500
0.404675,0.269407,1.367390,-0.117647
0.404675,0.269407,1.367390,-0.117647
0.404675,0.269407,1.367390,-0.117647
0.404675,0.269407,1.367390,-0.117647
0.404675,0.269407,1.367390,-0.117647
0.404675,0.269407,1.367390,-0.117647
0.404675,0.269407,1.367390,-0.117647
0.404675,0.269407,1.367390,-0.117647
0.404675,0.269407,1.367390,-0.117647
0.404675,0.269407,1.367390,-0.117647
0.404675,0.269407,1.367390,-0.117647
0.404675,0.269407,1.367390,-0.117647
0.404675,0.269407,1.367390,-0.117647
0.404675,0.269407,1.367390,-0.117647
0.404675,0.269407,1.367390,-0.117647
0.404675,0.269407,1.367390,-0.117647
0.084436,0.399783,0.259870,-0.153846
0.084436,0.399783,0.259870,-0.153846
0.087250,0.413109,0.246877,-0.166667
0.087250,0.413109,0.246877,-0.166667
0.087250,0.413109,0.246877,-0.166667
0.087250,0.413109,0.246877,-0.166667
0.087250,0.413109,0.246877,-0.166667
0.087250,0.413109,0.246877,-0.166667
0.087250,0.413109,0.246877,-0.166667
0.087250,0.413109,0.246877,-0.166667
0.087250,0.413109,0.246877,-0.166667
0.087250,0.413109,0.246877,-0.166667
0.087250,0.413109,0.246877,-0.166667
0.087250,0.413109,0.246877,-0.166667
0.800068,0.431414,0.910648,-0.044444
0.800068,0.431414,0.910648,-0.044444
0.720062,0.452985,0.956180,-0.048780
0.720062,0.452985,0.956180,-0.048780
0.666724,0.438604,0.941003,-0.058824
0.622275,0.469762,0.951121,-0.060606
0.515600,0.441001,1.057363,-0.066667
0.364476,0.443398,1.037126,-0.117647
0.364476,0.443398,1.037126,-0.117647
0.364476,0.443398,1.037126,-0.117647
0.364476,0.443398,1.037126,-0.117647
0.364476,0.443398,1.037126,-0.117647
0.364476,0.443398,1.037126,-0.117647
0.364476,0.443398,1.037126,-0.117647
0.364476,0.443398,1.037126,-0.117647
0.364476,0.443398,1.037126,-0.117647
0.364476,0.443398,1.037126,-0.117647
0.364476,0.443398,1.037126,-0.117647
0.364476,0.443398,1.037126,-0.117647
0.364476,0.443398,1.037126,-0.117647
0.364476,0.443398,1.037126,-0.117647
0.364476,0.443398,1.037126,-0.117647
0.181847,0.263803,0.145539,-0.222222
0.181847,0.263803,0.145539,-0.222222
0.181847,0.263803,0.145539,-0.222222
0.181847,0.263803,0.145539,-0.222222
0.181847,0.263803,0.145539,-0.222222
0.181847,0.263803,0.145539,-0.222222
0.181847,0.263803,0.145539,-0.222222
0.181847,0.263803,0.145539,-0.222222
0.181847,0.263803,0.145539,-0.222222
0.181847,0.263803,0.145539,-0.222222
0.136069,0.869292,0.579705,-0.083333
0.136069,0.869292,0.579705,-0.083333
0.136069,0.869292,0.579705,-0.083333
0.136069,0.869292,0.579705,-0.083333
0.136069,0.869292,0.579705,-0.083333
0.136069,0.869292,0.579705,-0.083333
0.136069,0.869292,0.579705,-0.083333
0.136069,0.869292,0.579705,-0.083333
0.136069,0.869292,0.579705,-0.083333
0.136069,0.869292,0.579705,-0.083333
0.136069,0.869292,0.579705,-0.083333
0.136069,0.869292,0.579705,-0.083333
0.549860,0.144955,0.853031,-0.064516
0.549860,0.144955,0.853031,-0.064516
0.549860,0.144955,0.853031,-0.064516
0.549860,0.144955,0.853031,-0.064516
0.549860,0.144955,0.853031,-0.064516
0.549860,0.144955,0.853031,-0.064516
0.549860,0.144955,0.853031,-0.064516
0.549860,0.144955,0.853031,-0.064516
0.549860,0.144955,0.853031,-0.064516
0.549860,0.144955,0.853031,-0.064516
0.549860,0.144955,0.853031,-0.064516
0.622055,0.350952,0.513250,-0.062500
0.622055,0.350952,0.513250,-0.062500
0.622055,0.350952,0.513250,-0.062500
0.622055,0.350952,0.513250,-0.062500
0.622055,0.350952,0.513250,-0.062500
0.622055,0.350952,0.513250,-0.062500
0.622055,0.350952,0.513250,-0.062500
0.622055,0.350952,0.513250,-0.062500
0.622055,0.350952,0.513250,-0.062500
0.622055,0.350952,0.513250,-0.062500
0.622055,0.350952,0.513250,-0.062500
0.622055,0.350952,0.513250,-0.062500
0.401808,0.075967,0.239916,-0.133333
0.401808,0.075967,0.239916,-0.133333
0.421898,0.079765,0.215925,-0.153846
0.421898,0.079765,0.215925,-0.153846
0.421898,0.079765,0.215925,-0.153846
0.421898,0.079765,0.215925,-0.153846
0.421898,0.079765,0.215925,-0.153846
0.421898,0.079765,0.215925,-0.153846
0.421898,0.079765,0.215925,-0.153846
0.421898,0.079765,0.215925,-0.153846
0.421898,0.079765,0.215925,-0.153846
0.421898,0.079765,0.215925,-0.153846
0.421898,0.079765,0.215925,-0.153846
0.421898,0.079765,0.215925,-0.153846
0.421898,0.079765,0.215925,-0.153846
0.123319,0.183908,0.239953,-0.166667
0.123319,0.183908,0.239953,-0.166667
0.127430,0.190038,0.227955,-0.181818
0.127430,0.190038,0.227955,-0.181818
0.127430,0.190038,0.227955,-0.181818
0.127430,0.190038,0.227955,-0.181818
0.127430,0.190038,0.227955,-0.181818
0.127430,0.190038,0.227955,-0.181818
0.127430,0.190038,0.227955,-0.181818
0.127430,0.190038,0.227955,-0.181818
0.127430,0.190038,0.227955,-0.181818
0.127430,0.190038,0.227955,-0.181818
0.417267,0.049654,0.902716,-0.117647
0.417267,0.049654,0.902716,-0.117647
0.417267,0.049654,0.902716,-0.117647
0.417267,0.049654,0.902716,-0.117647
0.417267,0.049654,0.902716,-0.117647
0.417267,0.049654,0.902716,-0.117647
0.417267,0.049654,0.902716,-0.117647
0.417267,0.049654,0.902716,-0.117647
0.417267,0.049654,0.902716,-0.117647
0.417267,0.049654,0.902716,-0.117647
0.417267,0.049654,0.902716,-0.117647
0.944787,0.490864,0.489253,-0.035714
0.944787,0.515407,0.489253,-0.043478
0.850308,0.515407,0.513715,-0.045455
0.850308,0.515407,0.513715,-0.045455
0.850308,0.515407,0.513715,-0.045455
0.682346,0.553586,0.516433,-0.052632
0.682346,0.553586,0.516433,-0.052632
0.552875,0.530860,0.568983,-0.058824
0.234447,0.606308,0.597069,-0.083333
0.234447,0.606308,0.597069,-0.083333
0.234447,0.606308,0.597069,-0.083333
0.234447,0.606308,0.597069,-0.083333
0.234447,0.606308,0.597069,-0.083333
0.234447,0.606308,0.597069,-0.083333
0.234447,0.606308,0.597069,-0.083333
0.234447,0.606308,0.597069,-0.083333
0.234447,0.606308,0.597069,-0.083333
0.234447,0.606308,0.597069,-0.083333
0.234447,0.606308,0.597069,-0.083333
0.234447,0.606308,0.597069,-0.083333
0.234447,0.606308,0.597069,-0.083333
0.234447,0.606308,0.597069,-0.083333
0.234447,0.606308,0.597069,-0.083333
0.234447,0.606308,0.597069,-0.083333
0.337719,0.900054,0.369247,-0.075000
0.337719,0.900054,0.369247,-0.075000
0.354605,0.810048,0.387709,-0.078947
0.354605,0.810048,0.387709,-0.078947
0.354605,0.810048,0.387709,-0.078947
0.356482,0.650039,0.422582,-0.085714
0.356482,0.650039,0.422582,-0.085714
0.356482,0.650039,0.422582,-0.085714
0.356482,0.650039,0.422582,-0.085714
0.382285,0.466201,0.452036,-0.125000
0.382285,0.466201,0.452036,-0.125000
0.382285,0.466201,0.452036,-0.125000
0.382285,0.466201,0.452036,-0.125000
0.382285,0.466201,0.452036,-0.125000
0.382285,0.466201,0.452036,-0.125000
0.382285,0.466201,0.452036,-0.125000
0.382285,0.466201,0.452036,-0.125000
0.382285,0.466201,0.452036,-0.125000
0.382285,0.466201,0.452036,-0.125000
0.382285,0.466201,0.452036,-0.125000
0.382285,0.466201,0.452036,-0.125000
0.382285,0.466201,0.452036,-0.125000
0.382285,0.466201,0.452036,-0.125000
0.382285,0.466201,0.452036,-0.125000
0.111203,0.780252,0.389739,-0.088235
0.111203,0.780252,0.389739,-0.088235
0.111203,0.780252,0.389739,-0.088235
0.111203,0.780252,0.389739,-0.088235
0.111203,0.780252,0.389739,-0.088235
0.111203,0.780252,0.389739,-0.088235
0.111203,0.780252,0.389739,-0.088235
0.111203,0.780252,0.389739,-0.088235
0.111203,0.780252,0.389739,-0.088235
0.111203,0.780252,0.389739,-0.088235
0.111203,0.780252,0.389739,-0.088235
0.241691,0.403912,0.096455,-0.250000
0.241691,0.403912,0.096455,-0.250000
0.241691,0.403912,0.096455,-0.250000
0.241691,0.403912,0.096455,-0.250000
0.241691,0.403912,0.096455,-0.250000
0.241691,0.403912,0.096455,-0.250000
0.241691,0.403912,0.096455,-0.250000
0.241691,0.403912,0.096455,-0.250000
0.241691,0.403912,0.096455,-0.250000
0.241691,0.403912,0.096455,-0.250000
0.131973,0.942051,0.956135,-0.081081
0.131973,0.942051,0.956135,-0.081081
0.131973,0.942051,0.956135,-0.081081
0.131973,0.942051,0.956135,-0.081081
0.131973,0.942051,0.956135,-0.081081
0.131973,0.942051,0.956135,-0.081081
0.131973,0.942051,0.956135,-0.081081
0.131973,0.942051,0.956135,-0.081081
0.131973,0.942051,0.956135,-0.081081
0.131973,0.942051,0.956135,-0.081081
0.131973,0.942051,0.956135,-0.081081
0.131973,0.942051,0.956135,-0.081081
0.131973,0.942051,0.956135,-0.081081
0.575209,0.059780,0.234780,-0.068966
0.575209,0.059780,0.234780,-0.068966
0.517688,0.062769,0.246519,-0.080000
0.517688,0.062769,0.246519,-0.080000
0.517688,0.062769,0.246519,-0.080000
0.468688,0.065536,0.243475,-0.133333
0.468688,0.065536,0.243475,-0.133333
0.468688,0.065536,0.243475,-0.133333
0.468688,0.065536,0.243475,-0.133333
0.468688,0.065536,0.243475,-0.133333
0.468688,0.065536,0.243475,-0.133333
0.468688,0.065536,0.243475,-0.133333
0.468688,0.065536,0.243475,-0.133333
0.468688,0.065536,0.243475,-0.133333
0.468688,0.065536,0.243475,-0.133333
0.468688,0.065536,0.243475,-0.133333
0.468688,0.065536,0.243475,-0.133333
0.468688,0.065536,0.243475,-0.133333
0.353159,0.821194,0.015403,-0.040000
0.353159,0.821194,0.015403,-0.040000
0.353159,0.821194,0.015403,-0.040000
0.353159,0.821194,0.015403,-0.040000
0.353159,0.821194,0.015403,-0.040000
0.353159,0.821194,0.015403,-0.040000
0.353159,0.821194,0.015403,-0.040000
0.353159,0.821194,0.015403,-0.040000
0.353159,0.821194,0.015403,-0.040000
0.353159,0.821194,0.015403,-0.040000
0.353159,0.821194,0.015403,-0.040000
0.353159,0.821194,0.015403,-0.040000
0.353159,0.821194,0.015403,-0.040000
0.043024,0.168990,0.649115,-0.117647
0.043024,0.168990,0.649115,-0.117647
0.043024,0.168990,0.649115,-0.117647
0.043024,0.168990,0.649115,-0.117647
0.043024,0.168990,0.649115,-0.117647
0.043024,0.168990,0.649115,-0.117647
0.043024,0.168990,0.649115,-0.117647
0.043024,0.168990,0.649115,-0.117647
0.043024,0.168990,0.649115,-0.117647
0.043024,0.168990,0.649115,-0.117647
0.043024,0.168990,0.649115,-0.117647
0.731722,0.647746,0.450924,-0.050000
0.731722,0.647746,0.450924,-0.050000
0.658550,0.680133,0.473470,-0.053571
0.658550,0.680133,0.473470,-0.053571
0.609769,0.658542,0.465954,-0.057692
0.609769,0.658542,0.465954,-0.057692
0.471554,0.662140,0.523573,-0.075000
0.471554,0.662140,0.523573,-0.075000
0.384832,0.580572,0.547789,-0.083333
0.384832,0.580572,0.547789,-0.083333
0.384832,0.580572,0.547789,-0.083333
0.384832,0.580572,0.547789,-0.083333
0.384832,0.580572,0.547789,-0.083333
0.384832,0.580572,0.547789,-0.083333
0.384832,0.580572,0.547789,-0.083333
0.384832,0.580572,0.547789,-0.083333
0.384832,0.580572,0.547789,-0.083333
0.384832,0.580572,0.547789,-0.083333
0.384832,0.580572,0.547789,-0.083333
0.384832,0.580572,0.547789,-0.083333
0.384832,0.580572,0.547789,-0.083333
0.384832,0.580572,0.547789,-0.083333
0.384832,0.580572,0.547789,-0.083333
0.547009,0.296321,0.744693,-0.066667
0.547009,0.296321,0.744693,-0.066667
0.547009,0.296321,0.744693,-0.066667
0.547009,0.296321,0.744693,-0.066667
0.547009,0.296321,0.744693,-0.066667
0.547009,0.296321,0.744693,-0.066667
0.547009,0.296321,0.744693,-0.066667
0.547009,0.296321,0.744693,-0.066667
0.547009,0.296321,0.744693,-0.066667
0.547009,0.296321,0.744693,-0.066667
0.547009,0.296321,0.744693,-0.066667
0.547009,0.296321,0.744693,-0.066667
0.188955,0.686775,0.183511,-0.100000
0.188955,0.686775,0.183511,-0.100000
0.188955,0.686775,0.183511,-0.100000
0.188955,0.686775,0.183511,-0.100000
0.188955,0.686775,0.183511,-0.100000
0.188955,0.686775,0.183511,-0.100000
0.188955,0.686775,0.183511,-0.100000
0.188955,0.686775,0.183511,-0.100000
0.188955,0.686775,0.183511,-0.100000
0.188955,0.686775,0.183511,-0.100000
0.188955,0.686775,0.183511,-0.100000
0.368485,0.625619,0.780227,-0.083333
0.368485,0.625619,0.780227,-0.083333
0.368485,0.625619,0.780227,-0.083333
0.368485,0.625619,0.780227,-0.083333
0.368485,0.625619,0.780227,-0.083333
0.368485,0.625619,0.780227,-0.083333
0.368485,0.625619,0.780227,-0.083333
0.368485,0.625619,0.780227,-0.083333
0.368485,0.625619,0.780227,-0.083333
0.368485,0.625619,0.780227,-0.083333
0.368485,0.625619,0.780227,-0.083333
0.368485,0.625619,0.780227,-0.083333
0.368485,0.625619,0.780227,-0.083333
0.081126,0.929386,0.775713,-0.083333
0.081126,0.929386,0.775713,-0.083333
0.081126,0.929386,0.775713,-0.083333
0.081126,0.929386,0.775713,-0.083333
0.081126,0.929386,0.775713,-0.083333
0.081126,0.929386,0.775713,-0.083333
0.081126,0.929386,0.775713,-0.083333
0.081126,0.929386,0.775713,-0.083333
0.081126,0.929386,0.775713,-0.083333
0.081126,0.929386,0.775713,-0.083333
0.081126,0.929386,0.775713,-0.083333
0.081126,0.929386,0.775713,-0.083333
0.486792,0.435859,0.446784,-0.090909
0.486792,0.435859,0.446784,-0.090909
0.438112,0.457652,0.469123,-0.111111
0.438112,0.457652,0.469123,-0.111111
0.405660,0.443123,0.461677,-0.125000
0.405660,0.443123,0.461677,-0.125000
0.405660,0.443123,0.461677,-0.125000
0.405660,0.443123,0.461677,-0.125000
0.405660,0.443123,0.461677,-0.125000
0.405660,0.443123,0.461677,-0.125000
0.405660,0.443123,0.461677,-0.125000
0.405660,0.443123,0.461677,-0.125000
0.405660,0.443123,0.461677,-0.125000
0.405660,0.443123,0.461677,-0.125000
0.405660,0.443123,0.461677,-0.125000
0.405660,0.443123,0.461677,-0.125000
0.405660,0.443123,0.461677,-0.125000
0.405660,0.443123,0.461677,-0.125000
0.306349,0.508509,0.510772,-0.083333
0.306349,0.508509,0.510772,-0.083333
0.316561,0.525459,0.485233,-0.085714
0.331879,0.474608,0.485233,-0.125000
0.331879,0.474608,0.485233,-0.125000
0.331879,0.474608,0.485233,-0.125000
0.331879,0.474608,0.485233,-0.125000
0.331879,0.474608,0.485233,-0.125000
0.331879,0.474608,0.485233,-0.125000
0.331879,0.474608,0.485233,-0.125000
0.331879,0.474608,0.485233,-0.125000
0.331879,0.474608,0.485233,-0.125000
0.331879,0.474608,0.485233,-0.125000
0.331879,0.474608,0.485233,-0.125000
0.331879,0.474608,0.485233,-0.125000
0.331879,0.474608,0.485233,-0.125000
0.331879,0.474608,0.485233,-0.125000
0.331879,0.474608,0.485233,-0.125000
0.817628,0.794831,0.644318,-0.042857
0.817628,0.794831,0.644318,-0.042857
0.817628,0.794831,0.644318,-0.042857
0.763119,0.755090,0.698011,-0.045455
0.763119,0.755090,0.698011,-0.045455
0.763119,0.755090,0.698011,-0.045455
0.620791,0.750674,0.761250,-0.054545
0.620791,0.750674,0.761250,-0.054545
0.567292,0.665303,0.856307,-0.056604
0.323013,0.619674,0.962102,-0.083333
0.323013,0.619674,0.962102,-0.083333
0.323013,0.619674,0.962102,-0.083333
0.323013,0.619674,0.962102,-0.083333
0.323013,0.619674,0.962102,-0.083333
0.323013,0.619674,0.962102,-0.083333
0.323013,0.619674,0.962102,-0.083333
0.323013,0.619674,0.962102,-0.083333
0.323013,0.619674,0.962102,-0.083333
0.323013,0.619674,0.962102,-0.083333
0.323013,0.619674,0.962102,-0.083333
0.323013,0.619674,0.962102,-0.083333
0.323013,0.619674,0.962102,-0.083333
0.323013,0.619674,0.962102,-0.083333
0.323013,0.619674,0.962102,-0.083333
0.378609,0.811580,0.532826,-0.075000
0.378609,0.811580,0.532826,-0.075000
0.378609,0.811580,0.532826,-0.075000
0.378609,0.811580,0.532826,-0.075000
0.378609,0.811580,0.532826,-0.075000
0.378609,0.811580,0.532826,-0.075000
0.378609,0.811580,0.532826,-0.075000
0.378609,0.811580,0.532826,-0.075000
0.378609,0.811580,0.532826,-0.075000
0.378609,0.811580,0.532826,-0.075000
0.378609,0.811580,0.532826,-0.075000
0.378609,0.811580,0.532826,-0.075000
0.350727,0.939002,0.875943,-0.065217
0.350727,0.939002,0.875943,-0.065217
0.368263,0.845101,0.919740,-0.073171
0.368263,0.845101,0.919740,-0.073171
0.360470,0.834668,0.895408,-0.076923
0.360470,0.834668,0.895408,-0.076923
0.360470,0.834668,0.895408,-0.076923
0.360470,0.834668,0.895408,-0.076923
0.360470,0.834668,0.895408,-0.076923
0.360470,0.834668,0.895408,-0.076923
0.360470,0.834668,0.895408,-0.076923
0.360470,0.834668,0.895408,-0.076923
0.360470,0.834668,0.895408,-0.076923
0.360470,0.834668,0.895408,-0.076923
0.360470,0.834668,0.895408,-0.076923
0.360470,0.834668,0.895408,-0.076923
0.360470,0.834668,0.895408,-0.076923
0.360470,0.834668,0.895408,-0.076923
0.360470,0.834668,0.895408,-0.076923
0.360470,0.834668,0.895408,-0.076923
0.550156,0.622475,0.587045,-0.057692
0.550156,0.622475,0.587045,-0.057692
0.495141,0.653599,0.616397,-0.063830
0.495141,0.653599,0.616397,-0.063830
0.458464,0.632850,0.606613,-0.075000
0.458464,0.632850,0.606613,-0.075000
0.354545,0.636308,0.681624,-0.083333
0.354545,0.636308,0.681624,-0.083333
0.354545,0.636308,0.681624,-0.083333
0.354545,0.636308,0.681624,-0.083333
0.354545,0.636308,0.681624,-0.083333
0.354545,0.636308,0.681624,-0.083333
0.354545,0.636308,0.681624,-0.083333
0.354545,0.636308,0.681624,-0.083333
0.354545,0.636308,0.681624,-0.083333
0.354545,0.636308,0.681624,-0.083333
0.354545,0.636308,0.681624,-0.083333
0.354545,0.636308,0.681624,-0.083333
0.354545,0.636308,0.681624,-0.083333
0.354545,0.636308,0.681624,-0.083333
0.207742,0.301246,0.470923,-0.125000
0.207742,0.301246,0.470923,-0.125000
0.207742,0.301246,0.470923,-0.125000
0.207742,0.301246,0.470923,-0.125000
0.207742,0.301246,0.470923,-0.125000
0.207742,0.301246,0.470923,-0.125000
0.207742,0.301246,0.470923,-0.125000
0.207742,0.301246,0.470923,-0.125000
0.207742,0.301246,0.470923,-0.125000
0.207742,0.301246,0.470923,-0.125000
0.230488,0.844309,0.194764,-0.093750
0.230488,0.844309,0.194764,-0.093750
0.238171,0.872452,0.185026,-0.096774
0.238171,0.872452,0.185026,-0.096774
0.238171,0.872452,0.185026,-0.096774
0.238171,0.872452,0.185026,-0.096774
0.238171,0.872452,0.185026,-0.096774
0.238171,0.872452,0.185026,-0.096774
0.238171,0.872452,0.185026,-0.096774
0.238171,0.872452,0.185026,-0.096774
0.238171,0.872452,0.185026,-0.096774
0.238171,0.872452,0.185026,-0.096774
0.238171,0.872452,0.185026,-0.096774
0.225922,0.170708,0.227664,-0.153846
0.225922,0.170708,0.227664,-0.153846
0.233453,0.176398,0.216281,-0.166667
0.233453,0.176398,0.216281,-0.166667
0.233453,0.176398,0.216281,-0.166667
0.233453,0.176398,0.216281,-0.166667
0.233453,0.176398,0.216281,-0.166667
0.233453,0.176398,0.216281,-0.166667
0.233453,0.176398,0.216281,-0.166667
0.233453,0.176398,0.216281,-0.166667
0.233453,0.176398,0.216281,-0.166667
0.233453,0.176398,0.216281,-0.166667
0.233453,0.176398,0.216281,-0.166667
0.435699,0.311102,0.923380,-0.117647
0.435699,0.311102,0.923380,-0.117647
0.435699,0.311102,0.923380,-0.117647
0.435699,0.311102,0.923380,-0.117647
0.435699,0.311102,0.923380,-0.117647
0.435699,0.311102,0.923380,-0.117647
0.435699,0.311102,0.923380,-0.117647
0.435699,0.311102,0.923380,-0.117647
0.435699,0.311102,0.923380,-0.117647
0.435699,0.311102,0.923380,-0.117647
0.435699,0.311102,0.923380,-0.117647
0.430207,0.184816,0.904881,-0.117647
0.430207,0.184816,0.904881,-0.117647
0.430207,0.184816,0.904881,-0.117647
0.430207,0.184816,0.904881,-0.117647
0.430207,0.184816,0.904881,-0.117647
0.430207,0.184816,0.904881,-0.117647
0.430207,0.184816,0.904881,-0.117647
0.430207,0.184816,0.904881,-0.117647
0.430207,0.184816,0.904881,-0.117647
0.430207,0.184816,0.904881,-0.117647
0.430207,0.184816,0.904881,-0.117647
0.979748,0.438870,0.111119,-0.042553
0.979748,0.438870,0.111119,-0.042553
0.881774,0.460813,0.116675,-0.045455
0.881774,0.460813,0.116675,-0.045455
0.816457,0.453499,0.112971,-0.047619
0.653166,0.468128,0.125935,-0.068966
0.653166,0.468128,0.125935,-0.068966
0.653166,0.468128,0.125935,-0.068966
0.206836,0.531520,0.140134,-0.100000
0.087089,0.499824,0.150628,-0.157895
0.087089,0.499824,0.150628,-0.157895
0.087089,0.499824,0.150628,-0.157895
0.087089,0.499824,0.150628,-0.157895
0.087089,0.499824,0.150628,-0.157895
0.087089,0.499824,0.150628,-0.157895
0.087089,0.499824,0.150628,-0.157895
0.087089,0.499824,0.150628,-0.157895
0.087089,0.499824,0.150628,-0.157895
0.087089,0.499824,0.150628,-0.157895
0.087089,0.499824,0.150628,-0.157895
0.087089,0.499824,0.150628,-0.157895
0.087089,0.499824,0.150628,-0.157895
0.087089,0.499824,0.150628,-0.157895
0.087089,0.499824,0.150628,-0.157895
0.087089,0.499824,0.150628,-0.157895
0.087089,0.499824,0.150628,-0.157895
0.087089,0.499824,0.150628,-0.157895
0.087089,0.499824,0.150628,-0.157895
0.087089,0.499824,0.150628,-0.157895
0.258065,0.408720,0.594896,-0.117647
0.258065,0.408720,0.594896,-0.117647
0.258065,0.408720,0.594896,-0.117647
0.258065,0.408720,0.594896,-0.117647
0.258065,0.408720,0.594896,-0.117647
0.258065,0.408720,0.594896,-0.117647
0.258065,0.408720,0.594896,-0.117647
0.258065,0.408720,0.594896,-0.117647
0.258065,0.408720,0.594896,-0.117647
0.258065,0.408720,0.594896,-0.117647
0.258065,0.408720,0.594896,-0.117647
0.262212,0.602843,0.711216,-0.083333
0.262212,0.602843,0.711216,-0.083333
0.262212,0.602843,0.711216,-0.083333
0.262212,0.602843,0.711216,-0.083333
0.262212,0.602843,0.711216,-0.083333
0.262212,0.602843,0.711216,-0.083333
0.262212,0.602843,0.711216,-0.083333
0.262212,0.602843,0.711216,-0.083333
0.262212,0.602843,0.711216,-0.083333
0.262212,0.602843,0.711216,-0.083333
0.262212,0.602843,0.711216,-0.083333
0.221747,0.117418,0.296676,-0.142857
0.221747,0.117418,0.296676,-0.142857
0.221747,0.117418,0.296676,-0.142857
0.221747,0.117418,0.296676,-0.142857
0.221747,0.117418,0.296676,-0.142857
0.221747,0.117418,0.296676,-0.142857
0.221747,0.117418,0.296676,-0.142857
0.221747,0.117418,0.296676,-0.142857
0.221747,0.117418,0.296676,-0.142857
0.221747,0.117418,0.296676,-0.142857
0.318778,0.424167,0.507858,-0.117647
0.318778,0.424167,0.507858,-0.117647
0.329404,0.438306,0.482465,-0.125000
0.329404,0.438306,0.482465,-0.125000
0.329404,0.438306,0.482465,-0.125000
0.329404,0.438306,0.482465,-0.125000
0.329404,0.438306,0.482465,-0.125000
0.329404,0.438306,0.482465,-0.125000
0.329404,0.438306,0.482465,-0.125000
0.329404,0.438306,0.482465,-0.125000
0.329404,0.438306,0.482465,-0.125000
0.329404,0.438306,0.482465,-0.125000
0.329404,0.438306,0.482465,-0.125000
0.329404,0.438306,0.482465,-0.125000
0.329404,0.438306,0.482465,-0.125000
0.085516,0.262482,0.801015,-0.117647
0.085516,0.262482,0.801015,-0.117647
0.085516,0.262482,0.801015,-0.117647
0.085516,0.262482,0.801015,-0.117647
0.085516,0.262482,0.801015,-0.117647
0.085516,0.262482,0.801015,-0.117647
0.085516,0.262482,0.801015,-0.117647
0.085516,0.262482,0.801015,-0.117647
0.085516,0.262482,0.801015,-0.117647
0.085516,0.262482,0.801015,-0.117647
0.085516,0.262482,0.801015,-0.117647
0.029220,0.928854,0.730331,-0.083333
0.029220,0.928854,0.730331,-0.083333
0.029220,0.928854,0.730331,-0.083333
0.029220,0.928854,0.730331,-0.083333
0.029220,0.928854,0.730331,-0.083333
0.029220,0.928854,0.730331,-0.083333
0.029220,0.928854,0.730331,-0.083333
0.029220,0.928854,0.730331,-0.083333
0.029220,0.928854,0.730331,-0.083333
0.029220,0.928854,0.730331,-0.083333
0.029220,0.928854,0.730331,-0.083333
0.488609,0.578525,0.237284,-0.073171
0.488609,0.578525,0.237284,-0.073171
0.464179,0.597809,0.245193,-0.081081
0.464179,0.597809,0.245193,-0.081081
0.464179,0.597809,0.245193,-0.081081
0.464179,0.597809,0.245193,-0.081081
0.464179,0.597809,0.245193,-0.081081
0.464179,0.597809,0.245193,-0.081081
0.464179,0.597809,0.245193,-0.081081
0.464179,0.597809,0.245193,-0.081081
0.464179,0.597809,0.245193,-0.081081
0.464179,0.597809,0.245193,-0.081081
0.464179,0.597809,0.245193,-0.081081
0.464179,0.597809,0.245193,-0.081081
0.464179,0.597809,0.245193,-0.081081
0.458849,0.963089,0.546806,-0.057692
0.458849,0.963089,0.546806,-0.057692
0.481791,0.866780,0.574146,-0.063830
0.435906,0.866780,0.601486,-0.069767
0.458849,0.770471,0.574146,-0.073171
0.458849,0.577853,0.656167,-0.076923
0.458849,0.577853,0.656167,-0.076923
0.466496,0.224721,0.674394,-0.117647
0.466496,0.224721,0.674394,-0.117647
0.466496,0.224721,0.674394,-0.117647
0.466496,0.224721,0.674394,-0.117647
0.466496,0.224721,0.674394,-0.117647
0.466496,0.224721,0.674394,-0.117647
0.466496,0.224721,0.674394,-0.117647
0.466496,0.224721,0.674394,-0.117647
0.466496,0.224721,0.674394,-0.117647
0.466496,0.224721,0.674394,-0.117647
0.466496,0.224721,0.674394,-0.117647
0.466496,0.224721,0.674394,-0.117647
0.466496,0.224721,0.674394,-0.117647
0.466496,0.224721,0.674394,-0.117647
0.466496,0.224721,0.674394,-0.117647
0.466496,0.224721,0.674394,-0.117647
0.521136,0.231594,0.488898,-0.066667
0.521136,0.231594,0.488898,-0.066667
0.538507,0.239314,0.464453,-0.068966
0.538507,0.239314,0.464453,-0.068966
0.538507,0.239314,0.464453,-0.068966
0.538507,0.239314,0.464453,-0.068966
0.538507,0.239314,0.464453,-0.068966
0.538507,0.239314,0.464453,-0.068966
0.538507,0.239314,0.464453,-0.068966
0.538507,0.239314,0.464453,-0.068966
0.538507,0.239314,0.464453,-0.068966
0.624060,0.679136,0.395515,-0.057692
0.624060,0.679136,0.395515,-0.057692
0.624060,0.679136,0.395515,-0.057692
0.624060,0.679136,0.395515,-0.057692
0.624060,0.679136,0.395515,-0.057692
0.624060,0.679136,0.395515,-0.057692
0.624060,0.679136,0.395515,-0.057692
0.624060,0.679136,0.395515,-0.057692
0.624060,0.679136,0.395515,-0.057692
0.624060,0.679136,0.395515,-0.057692
0.624060,0.679136,0.395515,-0.057692
0.624060,0.679136,0.395515,-0.057692
0.624060,0.679136,0.395515,-0.057692
0.367437,0.987982,0.037739,-0.039216
0.367437,0.987982,0.037739,-0.039216
0.385808,0.889184,0.039626,-0.064516
0.385808,0.889184,0.039626,-0.064516
0.385808,0.889184,0.039626,-0.064516
0.387850,0.713543,0.043190,-0.071429
0.387850,0.713543,0.043190,-0.071429
0.387850,0.713543,0.043190,-0.071429
0.431171,0.345184,0.048385,-0.166667
0.431171,0.345184,0.048385,-0.166667
0.411716,0.317672,0.049987,-0.200000
0.411716,0.317672,0.049987,-0.200000
0.411716,0.317672,0.049987,-0.200000
0.411716,0.317672,0.049987,-0.200000
0.411716,0.317672,0.049987,-0.200000
0.411716,0.317672,0.049987,-0.200000
0.411716,0.317672,0.049987,-0.200000
0.411716,0.317672,0.049987,-0.200000
0.411716,0.317672,0.049987,-0.200000
0.411716,0.317672,0.049987,-0.200000
0.411716,0.317672,0.049987,-0.200000
0.411716,0.317672,0.049987,-0.200000
0.411716,0.317672,0.049987,-0.200000
0.411716,0.317672,0.049987,-0.200000
0.411716,0.317672,0.049987,-0.200000
0.411716,0.317672,0.049987,-0.200000
0.885168,0.913287,0.796184,-0.037500
0.885168,0.913287,0.796184,-0.037500
0.929426,0.821958,0.835993,-0.039474
0.840910,0.821958,0.875802,-0.040541
0.840910,0.821958,0.875802,-0.040541
0.885168,0.608858,0.955421,-0.044118
0.752393,0.578415,0.995230,-0.048387
0.752393,0.578415,0.995230,-0.048387
0.722887,0.091329,1.247355,-0.052632
0.472090,-0.000000,1.380052,-0.117647
0.472090,-0.000000,1.380052,-0.117647
0.472090,-0.000000,1.380052,-0.117647
0.472090,-0.000000,1.380052,-0.117647
0.472090,-0.000000,1.380052,-0.117647
0.472090,-0.000000,1.380052,-0.117647
0.472090,-0.000000,1.380052,-0.117647
0.472090,-0.000000,1.380052,-0.117647
0.472090,-0.000000,1.380052,-0.117647
0.472090,-0.000000,1.380052,-0.117647
0.472090,-0.000000,1.380052,-0.117647
0.472090,-0.000000,1.380052,-0.117647
0.472090,-0.000000,1.380052,-0.117647
0.472090,-0.000000,1.380052,-0.117647
0.472090,-0.000000,1.380052,-0.117647
0.472090,-0.000000,1.380052,-0.117647
0.472090,-0.000000,1.380052,-0.117647
0.472090,-0.000000,1.380052,-0.117647
0.098712,0.261871,0.335357,-0.142857
0.098712,0.261871,0.335357,-0.142857
0.098712,0.261871,0.335357,-0.142857
0.098712,0.261871,0.335357,-0.142857
0.098712,0.261871,0.335357,-0.142857
0.098712,0.261871,0.335357,-0.142857
0.098712,0.261871,0.335357,-0.142857
0.098712,0.261871,0.335357,-0.142857
0.098712,0.261871,0.335357,-0.142857
0.098712,0.261871,0.335357,-0.142857
0.679728,0.136553,0.721227,-0.060606
0.679728,0.136553,0.721227,-0.060606
0.645742,0.141105,0.745268,-0.062500
0.645742,0.141105,0.745268,-0.062500
0.645742,0.141105,0.745268,-0.062500
0.645742,0.141105,0.745268,-0.062500
0.645742,0.141105,0.745268,-0.062500
0.645742,0.141105,0.745268,-0.062500
0.645742,0.141105,0.745268,-0.062500
0.645742,0.141105,0.745268,-0.062500
0.645742,0.141105,0.745268,-0.062500
0.645742,0.141105,0.745268,-0.062500
0.645742,0.141105,0.745268,-0.062500
0.645742,0.141105,0.745268,-0.062500
0.645742,0.141105,0.745268,-0.062500
0.106762,0.653757,0.494174,-0.085714
0.106762,0.653757,0.494174,-0.085714
0.106762,0.653757,0.494174,-0.085714
0.106762,0.653757,0.494174,-0.085714
0.106762,0.653757,0.494174,-0.085714
0.106762,0.653757,0.494174,-0.085714
0.106762,0.653757,0.494174,-0.085714
0.106762,0.653757,0.494174,-0.085714
0.106762,0.653757,0.494174,-0.085714
0.106762,0.653757,0.494174,-0.085714
0.106762,0.653757,0.494174,-0.085714
0.106762,0.653757,0.494174,-0.085714
0.779052,0.715037,0.903721,-0.045455
0.779052,0.715037,0.903721,-0.045455
0.779052,0.715037,0.903721,-0.045455
0.740099,0.667368,0.979031,-0.048387
0.740099,0.667368,0.979031,-0.048387
0.740099,0.667368,0.979031,-0.048387
0.670850,0.642209,1.042626,-0.051724
0.640554,0.557464,1.076097,-0.056604
0.640554,0.557464,1.076097,-0.056604
0.463103,0.423726,1.293659,-0.100000
0.463103,0.423726,1.293659,-0.100000
0.427998,0.351633,1.308535,-0.117647
0.427998,0.351633,1.308535,-0.117647
0.427998,0.351633,1.308535,-0.117647
0.427998,0.351633,1.308535,-0.117647
0.427998,0.351633,1.308535,-0.117647
0.427998,0.351633,1.308535,-0.117647
0.427998,0.351633,1.308535,-0.117647
0.427998,0.351633,1.308535,-0.117647
0.427998,0.351633,1.308535,-0.117647
0.427998,0.351633,1.308535,-0.117647
0.427998,0.351633,1.308535,-0.117647
0.427998,0.351633,1.308535,-0.117647
0.427998,0.351633,1.308535,-0.117647
0.427998,0.351633,1.308535,-0.117647
0.427998,0.351633,1.308535,-0.117647
0.427998,0.351633,1.308535,-0.117647
0.890923,0.334163,0.698746,-0.042553
0.890923,0.334163,0.698746,-0.042553
0.890923,0.334163,0.698746,-0.042553
0.868649,0.339732,0.710392,-0.043478
0.868649,0.339732,0.710392,-0.043478
0.868649,0.339732,0.710392,-0.043478
0.868649,0.339732,0.710392,-0.043478
0.868649,0.339732,0.710392,-0.043478
0.868649,0.339732,0.710392,-0.043478
0.868649,0.339732,0.710392,-0.043478
0.868649,0.339732,0.710392,-0.043478
0.868649,0.339732,0.710392,-0.043478
0.868649,0.339732,0.710392,-0.043478
0.868649,0.339732,0.710392,-0.043478
0.197810,0.030541,0.744074,-0.117647
0.197810,0.030541,0.744074,-0.117647
0.197810,0.030541,0.744074,-0.117647
0.197810,0.030541,0.744074,-0.117647
0.197810,0.030541,0.744074,-0.117647
0.197810,0.030541,0.744074,-0.117647
0.197810,0.030541,0.744074,-0.117647
0.197810,0.030541,0.744074,-0.117647
0.197810,0.030541,0.744074,-0.117647
0.197810,0.030541,0.744074,-0.117647
0.197810,0.030541,0.744074,-0.117647
0.500022,0.479922,0.904722,-0.064516
0.500022,0.479922,0.904722,-0.064516
0.516690,0.455926,0.934880,-0.066667
0.466688,0.455926,0.980116,-0.100000
0.466688,0.455926,0.980116,-0.100000
0.466688,0.455926,0.980116,-0.100000
0.403722,0.418599,1.032054,-0.117647
0.403722,0.418599,1.032054,-0.117647
0.403722,0.418599,1.032054,-0.117647
0.403722,0.418599,1.032054,-0.117647
0.403722,0.418599,1.032054,-0.117647
0.403722,0.418599,1.032054,-0.117647
0.403722,0.418599,1.032054,-0.117647
0.403722,0.418599,1.032054,-0.117647
0.403722,0.418599,1.032054,-0.117647
0.403722,0.418599,1.032054,-0.117647
0.403722,0.418599,1.032054,-0.117647
0.403722,0.418599,1.032054,-0.117647
0.403722,0.418599,1.032054,-0.117647
0.403722,0.418599,1.032054,-0.117647
0.609867,0.617666,0.859442,-0.056604
0.609867,0.617666,0.859442,-0.056604
0.609867,0.617666,0.859442,-0.056604
0.609867,0.617666,0.859442,-0.056604
0.609867,0.617666,0.859442,-0.056604
0.609867,0.617666,0.859442,-0.056604
0.609867,0.617666,0.859442,-0.056604
0.609867,0.617666,0.859442,-0.056604
0.609867,0.617666,0.859442,-0.056604
0.609867,0.617666,0.859442,-0.056604
0.609867,0.617666,0.859442,-0.056604
0.805489,0.576722,0.182922,-0.049180
0.805489,0.576722,0.182922,-0.049180
0.724940,0.605558,0.192069,-0.052632
0.724940,0.605558,0.192069,-0.052632
0.724940,0.605558,0.192069,-0.052632
0.581742,0.660026,0.193085,-0.061224
0.581742,0.660026,0.193085,-0.061224
0.581742,0.660026,0.193085,-0.061224
0.281424,0.739414,0.214652,-0.096774
0.281424,0.739414,0.214652,-0.096774
0.281424,0.739414,0.214652,-0.096774
-0.202754,0.865240,0.235491,-0.103448
-0.202754,0.865240,0.235491,-0.103448
-0.202754,0.865240,0.235491,-0.103448
-0.202754,0.865240,0.235491,-0.103448
-0.202754,0.865240,0.235491,-0.103448
-0.202754,0.865240,0.235491,-0.103448
-0.202754,0.865240,0.235491,-0.103448
-0.202754,0.865240,0.235491,-0.103448
-0.202754,0.865240,0.235491,-0.103448
-0.202754,0.865240,0.235491,-0.103448
-0.202754,0.865240,0.235491,-0.103448
-0.202754,0.865240,0.235491,-0.103448
-0.202754,0.865240,0.235491,-0.103448
-0.202754,0.865240,0.235491,-0.103448
-0.202754,0.865240,0.235491,-0.103448
-0.202754,0.865240,0.235491,-0.103448
-0.202754,0.865240,0.235491,-0.103448
0.239932,0.886512,0.028674,-0.041667
0.239932,0.886512,0.028674,-0.041667
0.239932,0.886512,0.028674,-0.041667
0.239932,0.886512,0.028674,-0.041667
0.239932,0.886512,0.028674,-0.041667
0.239932,0.886512,0.028674,-0.041667
0.239932,0.886512,0.028674,-0.041667
0.239932,0.886512,0.028674,-0.041667
0.239932,0.886512,0.028674,-0.041667
0.239932,0.886512,0.028674,-0.041667
0.239932,0.886512,0.028674,-0.041667
0.489901,0.167927,0.978681,-0.117647
0.489901,0.167927,0.978681,-0.117647
0.489901,0.167927,0.978681,-0.117647
0.489901,0.167927,0.978681,-0.117647
0.489901,0.167927,0.978681,-0.117647
0.489901,0.167927,0.978681,-0.117647
0.489901,0.167927,0.978681,-0.117647
0.489901,0.167927,0.978681,-0.117647
0.489901,0.167927,0.978681,-0.117647
0.489901,0.167927,0.978681,-0.117647
0.489901,0.167927,0.978681,-0.117647
0.489901,0.167927,0.978681,-0.117647
0.712694,0.500472,0.471088,-0.050000
0.712694,0.500472,0.471088,-0.050000
0.641425,0.525495,0.494643,-0.056604
0.641425,0.525495,0.494643,-0.056604
0.641425,0.525495,0.494643,-0.056604
0.514724,0.572762,0.497260,-0.060000
0.514724,0.572762,0.497260,-0.060000
0.514724,0.572762,0.497260,-0.060000
0.514724,0.572762,0.497260,-0.060000
0.381863,0.607208,0.525031,-0.081081
0.381863,0.607208,0.525031,-0.081081
0.371940,0.617832,0.512559,-0.083333
0.371940,0.617832,0.512559,-0.083333
0.371940,0.617832,0.512559,-0.083333
0.371940,0.617832,0.512559,-0.083333
0.371940,0.617832,0.512559,-0.083333
0.371940,0.617832,0.512559,-0.083333
0.371940,0.617832,0.512559,-0.083333
0.371940,0.617832,0.512559,-0.083333
0.371940,0.617832,0.512559,-0.083333
0.371940,0.617832,0.512559,-0.083333
0.371940,0.617832,0.512559,-0.083333
0.371940,0.617832,0.512559,-0.083333
0.371940,0.617832,0.512559,-0.083333
0.371940,0.617832,0.512559,-0.083333
0.371940,0.617832,0.512559,-0.083333
0.059619,0.681972,0.042431,-0.083333
0.059619,0.681972,0.042431,-0.083333
0.059619,0.681972,0.042431,-0.083333
0.059619,0.681972,0.042431,-0.083333
0.059619,0.681972,0.042431,-0.083333
0.059619,0.681972,0.042431,-0.083333
0.059619,0.681972,0.042431,-0.083333
0.059619,0.681972,0.042431,-0.083333
0.059619,0.681972,0.042431,-0.083333
0.059619,0.681972,0.042431,-0.083333
0.059619,0.681972,0.042431,-0.083333
0.071445,0.521650,0.096730,-0.115385
0.071445,0.521650,0.096730,-0.115385
0.071445,0.521650,0.096730,-0.115385
0.071445,0.521650,0.096730,-0.115385
0.071445,0.521650,0.096730,-0.115385
0.071445,0.521650,0.096730,-0.115385
0.071445,0.521650,0.096730,-0.115385
0.071445,0.521650,0.096730,-0.115385
0.071445,0.521650,0.096730,-0.115385
0.071445,0.521650,0.096730,-0.115385
0.071445,0.521650,0.096730,-0.115385
0.818149,0.817547,0.722440,-0.041667
0.818149,0.817547,0.722440,-0.041667
0.845420,0.776670,0.746521,-0.042857
0.763605,0.776670,0.782643,-0.045455
0.763605,0.776670,0.782643,-0.045455
0.763605,0.776670,0.782643,-0.045455
0.660579,0.713083,0.824116,-0.052632
0.660579,0.713083,0.824116,-0.052632
0.523211,0.750932,0.879414,-0.058824
0.331300,0.625272,0.994915,-0.083333
0.331300,0.625272,0.994915,-0.083333
0.331300,0.625272,0.994915,-0.083333
0.331300,0.625272,0.994915,-0.083333
0.331300,0.625272,0.994915,-0.083333
0.331300,0.625272,0.994915,-0.083333
0.331300,0.625272,0.994915,-0.083333
0.331300,0.625272,0.994915,-0.083333
0.331300,0.625272,0.994915,-0.083333
0.331300,0.625272,0.994915,-0.083333
0.331300,0.625272,0.994915,-0.083333
0.331300,0.625272,0.994915,-0.083333
0.331300,0.625272,0.994915,-0.083333
0.331300,0.625272,0.994915,-0.083333
0.331300,0.625272,0.994915,-0.083333
0.149865,0.659605,0.518595,-0.083333
0.149865,0.659605,0.518595,-0.083333
0.154861,0.681592,0.492665,-0.085714
0.154861,0.681592,0.492665,-0.085714
0.154861,0.681592,0.492665,-0.085714
0.154861,0.681592,0.492665,-0.085714
0.154861,0.681592,0.492665,-0.085714
0.154861,0.681592,0.492665,-0.085714
0.154861,0.681592,0.492665,-0.085714
0.154861,0.681592,0.492665,-0.085714
0.154861,0.681592,0.492665,-0.085714
0.154861,0.681592,0.492665,-0.085714
0.154861,0.681592,0.492665,-0.085714
0.154861,0.681592,0.492665,-0.085714
0.154861,0.681592,0.492665,-0.085714
0.972975,0.648991,0.800331,-0.041667
0.972975,0.648991,0.800331,-0.041667
0.875677,0.681441,0.840347,-0.043478
0.875677,0.681441,0.840347,-0.043478
0.810812,0.670625,0.813669,-0.044776
0.648650,0.692258,0.907041,-0.055556
0.648650,0.692258,0.907041,-0.055556
0.356757,0.724707,0.893702,-0.076923
0.291892,0.757157,0.955950,-0.083333
0.291892,0.757157,0.955950,-0.083333
0.291892,0.757157,0.955950,-0.083333
0.291892,0.757157,0.955950,-0.083333
0.291892,0.757157,0.955950,-0.083333
0.291892,0.757157,0.955950,-0.083333
0.291892,0.757157,0.955950,-0.083333
0.291892,0.757157,0.955950,-0.083333
0.291892,0.757157,0.955950,-0.083333
0.291892,0.757157,0.955950,-0.083333
0.291892,0.757157,0.955950,-0.083333
0.291892,0.757157,0.955950,-0.083333
0.291892,0.757157,0.955950,-0.083333
0.291892,0.757157,0.955950,-0.083333
0.291892,0.757157,0.955950,-0.083333
0.291892,0.757157,0.955950,-0.083333
0.453798,0.432392,0.825314,-0.100000
0.453798,0.432392,0.825314,-0.100000
0.453798,0.432392,0.825314,-0.100000
0.453798,0.432392,0.825314,-0.100000
0.453798,0.432392,0.825314,-0.100000
0.453798,0.432392,0.825314,-0.100000
0.453798,0.432392,0.825314,-0.100000
0.453798,0.432392,0.825314,-0.100000
0.453798,0.432392,0.825314,-0.100000
0.453798,0.432392,0.825314,-0.100000
0.453798,0.432392,0.825314,-0.100000
0.083470,0.133171,0.173389,-0.222222
0.083470,0.133171,0.173389,-0.222222
0.083470,0.133171,0.173389,-0.222222
0.083470,0.133171,0.173389,-0.222222
0.083470,0.133171,0.173389,-0.222222
0.083470,0.133171,0.173389,-0.222222
0.083470,0.133171,0.173389,-0.222222
0.083470,0.133171,0.173389,-0.222222
0.083470,0.133171,0.173389,-0.222222
0.390938,0.831380,0.803364,-0.073171
0.390938,0.831380,0.803364,-0.073171
0.403969,0.789811,0.830143,-0.075000
0.403969,0.789811,0.830143,-0.075000
0.403969,0.789811,0.830143,-0.075000
0.403969,0.789811,0.830143,-0.075000
0.403969,0.789811,0.830143,-0.075000
0.403969,0.789811,0.830143,-0.075000
0.403969,0.789811,0.830143,-0.075000
0.403969,0.789811,0.830143,-0.075000
0.403969,0.789811,0.830143,-0.075000
0.403969,0.789811,0.830143,-0.075000
0.403969,0.789811,0.830143,-0.075000
0.403969,0.789811,0.830143,-0.075000
0.403969,0.789811,0.830143,-0.075000
0.060471,0.399258,0.526876,-0.117647
0.060471,0.399258,0.526876,-0.117647
0.062487,0.412566,0.500532,-0.125000
0.062487,0.412566,0.500532,-0.125000
0.062487,0.412566,0.500532,-0.125000
0.062487,0.412566,0.500532,-0.125000
0.062487,0.412566,0.500532,-0.125000
0.062487,0.412566,0.500532,-0.125000
0.062487,0.412566,0.500532,-0.125000
0.062487,0.412566,0.500532,-0.125000
0.062487,0.412566,0.500532,-0.125000
0.062487,0.412566,0.500532,-0.125000
0.062487,0.412566,0.500532,-0.125000
0.062487,0.412566,0.500532,-0.125000
0.416799,0.656860,0.627973,-0.076923
0.416799,0.656860,0.627973,-0.076923
0.416799,0.656860,0.627973,-0.076923
0.405222,0.634965,0.662861,-0.078947
0.405222,0.634965,0.662861,-0.078947
0.405222,0.634965,0.662861,-0.078947
0.405222,0.634965,0.662861,-0.078947
0.405222,0.634965,0.662861,-0.078947
0.405222,0.634965,0.662861,-0.078947
0.405222,0.634965,0.662861,-0.078947
0.405222,0.634965,0.662861,-0.078947
0.405222,0.634965,0.662861,-0.078947
0.405222,0.634965,0.662861,-0.078947
0.405222,0.634965,0.662861,-0.078947
0.405222,0.634965,0.662861,-0.078947
0.405222,0.634965,0.662861,-0.078947
0.291984,0.431651,0.015487,-0.000000
0.291984,0.431651,0.015487,-0.000000
0.291984,0.431651,0.015487,-0.000000
0.291984,0.431651,0.015487,-0.000000
0.291984,0.431651,0.015487,-0.000000
0.291984,0.431651,0.015487,-0.000000
0.291984,0.431651,0.015487,-0.000000
0.291984,0.431651,0.015487,-0.000000
0.291984,0.431651,0.015487,-0.000000
0.291984,0.431651,0.015487,-0.000000
0.984064,0.167168,0.106216,-0.047619
0.984064,0.167168,0.106216,-0.047619
0.984064,0.167168,0.106216,-0.047619
0.984064,0.167168,0.106216,-0.047619
0.984064,0.167168,0.106216,-0.047619
0.984064,0.167168,0.106216,-0.047619
0.984064,0.167168,0.106216,-0.047619
0.984064,0.167168,0.106216,-0.047619
0.984064,0.167168,0.106216,-0.047619
0.984064,0.167168,0.106216,-0.047619
0.984064,0.167168,0.106216,-0.047619
0.372410,0.198118,0.489688,-0.125000
0.372410,0.198118,0.489688,-0.125000
0.372410,0.198118,0.489688,-0.125000
0.372410,0.198118,0.489688,-0.125000
0.372410,0.198118,0.489688,-0.125000
0.372410,0.198118,0.489688,-0.125000
0.372410,0.198118,0.489688,-0.125000
0.372410,0.198118,0.489688,-0.125000
0.372410,0.198118,0.489688,-0.125000
0.372410,0.198118,0.489688,-0.125000
0.372410,0.198118,0.489688,-0.125000
0.339493,0.951630,0.920332,-0.063830
0.339493,0.951630,0.920332,-0.063830
0.356468,0.856467,0.966349,-0.075000
0.356468,0.856467,0.966349,-0.075000
0.347038,0.845894,0.945897,-0.076923
0.347038,0.845894,0.945897,-0.076923
0.347038,0.845894,0.945897,-0.076923
0.347038,0.845894,0.945897,-0.076923
0.347038,0.845894,0.945897,-0.076923
0.347038,0.845894,0.945897,-0.076923
0.347038,0.845894,0.945897,-0.076923
0.347038,0.845894,0.945897,-0.076923
0.347038,0.845894,0.945897,-0.076923
0.347038,0.845894,0.945897,-0.076923
0.347038,0.845894,0.945897,-0.076923
0.347038,0.845894,0.945897,-0.076923
0.347038,0.845894,0.945897,-0.076923
0.347038,0.845894,0.945897,-0.076923
0.052677,0.737858,0.269119,-0.090909
0.052677,0.737858,0.269119,-0.090909
0.054433,0.762453,0.255663,-0.096774
0.054433,0.762453,0.255663,-0.096774
0.054433,0.762453,0.255663,-0.096774
0.054433,0.762453,0.255663,-0.096774
0.054433,0.762453,0.255663,-0.096774
0.054433,0.762453,0.255663,-0.096774
0.054433,0.762453,0.255663,-0.096774
0.054433,0.762453,0.255663,-0.096774
0.054433,0.762453,0.255663,-0.096774
0.054433,0.762453,0.255663,-0.096774
0.054433,0.762453,0.255663,-0.096774
0.054433,0.762453,0.255663,-0.096774
0.054433,0.762453,0.255663,-0.096774
0.422836,0.547871,0.942737,-0.078947
0.422836,0.547871,0.942737,-0.078947
0.422836,0.547871,0.942737,-0.078947
0.422836,0.547871,0.942737,-0.078947
0.422836,0.547871,0.942737,-0.078947
0.422836,0.547871,0.942737,-0.078947
0.422836,0.547871,0.942737,-0.078947
0.422836,0.547871,0.942737,-0.078947
0.422836,0.547871,0.942737,-0.078947
0.422836,0.547871,0.942737,-0.078947
0.422836,0.547871,0.942737,-0.078947
0.422836,0.547871,0.942737,-0.078947
0.417744,0.983052,0.301455,-0.050847
0.417744,0.983052,0.301455,-0.050847
0.438631,0.884747,0.316528,-0.069767
0.438631,0.884747,0.316528,-0.069767
0.424707,0.819210,0.311503,-0.075000
0.454877,0.764596,0.314853,-0.076923
0.454877,0.764596,0.314853,-0.076923
0.454877,0.764596,0.314853,-0.076923
0.458401,0.613700,0.334826,-0.078947
0.458401,0.613700,0.334826,-0.078947
0.458401,0.613700,0.334826,-0.078947
0.458401,0.613700,0.334826,-0.078947
0.458401,0.613700,0.334826,-0.078947
0.458401,0.613700,0.334826,-0.078947
0.458401,0.613700,0.334826,-0.078947
0.458401,0.613700,0.334826,-0.078947
0.458401,0.613700,0.334826,-0.078947
0.458401,0.613700,0.334826,-0.078947
0.458401,0.613700,0.334826,-0.078947
0.458401,0.613700,0.334826,-0.078947
0.701099,0.666339,0.539126,-0.050000
0.701099,0.666339,0.539126,-0.050000
0.701099,0.666339,0.539126,-0.050000
0.683571,0.677444,0.548112,-0.051724
0.683571,0.677444,0.548112,-0.051724
0.683571,0.677444,0.548112,-0.051724
0.683571,0.677444,0.548112,-0.051724
0.683571,0.677444,0.548112,-0.051724
0.683571,0.677444,0.548112,-0.051724
0.683571,0.677444,0.548112,-0.051724
0.683571,0.677444,0.548112,-0.051724
0.683571,0.677444,0.548112,-0.051724
0.683571,0.677444,0.548112,-0.051724
0.683571,0.677444,0.548112,-0.051724
0.683571,0.677444,0.548112,-0.051724
0.698106,0.666528,0.178132,-0.053571
0.698106,0.666528,0.178132,-0.053571
0.698106,0.666528,0.178132,-0.053571
0.634113,0.683191,0.188524,-0.060000
0.649626,0.660974,0.189513,-0.061224
0.649626,0.660974,0.189513,-0.061224
0.649626,0.660974,0.189513,-0.061224
0.649626,0.660974,0.189513,-0.061224
0.649626,0.660974,0.189513,-0.061224
0.649626,0.660974,0.189513,-0.061224
0.649626,0.660974,0.189513,-0.061224
0.649626,0.660974,0.189513,-0.061224
0.649626,0.660974,0.189513,-0.061224
0.649626,0.660974,0.189513,-0.061224
0.649626,0.660974,0.189513,-0.061224
0.649626,0.660974,0.189513,-0.061224
0.649626,0.660974,0.189513,-0.061224
0.649626,0.660974,0.189513,-0.061224
0.128014,0.999080,0.171121,-0.045455
0.128014,0.999080,0.171121,-0.045455
0.134415,0.899172,0.179677,-0.096774
0.134415,0.899172,0.179677,-0.096774
0.131570,0.888071,0.174924,-0.100000
0.131570,0.888071,0.174924,-0.100000
0.131570,0.888071,0.174924,-0.100000
0.131570,0.888071,0.174924,-0.100000
0.131570,0.888071,0.174924,-0.100000
0.131570,0.888071,0.174924,-0.100000
0.131570,0.888071,0.174924,-0.100000
0.131570,0.888071,0.174924,-0.100000
0.131570,0.888071,0.174924,-0.100000
0.131570,0.888071,0.174924,-0.100000
0.131570,0.888071,0.174924,-0.100000
0.131570,0.888071,0.174924,-0.100000
0.131570,0.888071,0.174924,-0.100000
0.131570,0.888071,0.174924,-0.100000
0.032601,0.561200,0.881867,-0.083333
0.032601,0.561200,0.881867,-0.083333
0.032601,0.561200,0.881867,-0.083333
0.032601,0.561200,0.881867,-0.083333
0.032601,0.561200,0.881867,-0.083333
0.032601,0.561200,0.881867,-0.083333
0.032601,0.561200,0.881867,-0.083333
0.032601,0.561200,0.881867,-0.083333
0.032601,0.561200,0.881867,-0.083333
0.032601,0.561200,0.881867,-0.083333
0.032601,0.561200,0.881867,-0.083333
0.669175,0.190433,0.368917,-0.062500
0.669175,0.190433,0.368917,-0.062500
0.635717,0.196781,0.381214,-0.064516
0.635717,0.196781,0.381214,-0.064516
0.635717,0.196781,0.381214,-0.064516
0.635717,0.196781,0.381214,-0.064516
0.635717,0.196781,0.381214,-0.064516
0.635717,0.196781,0.381214,-0.064516
0.635717,0.196781,0.381214,-0.064516
0.635717,0.196781,0.381214,-0.064516
0.635717,0.196781,0.381214,-0.064516
0.635717,0.196781,0.381214,-0.064516
0.635717,0.196781,0.381214,-0.064516
0.635717,0.196781,0.381214,-0.064516
0.460726,0.981638,0.156405,-0.052632
0.460726,0.981638,0.156405,-0.052632
0.483762,0.883474,0.164225,-0.065217
0.437690,0.883474,0.172045,-0.076923
0.437690,0.883474,0.172045,-0.076923
0.460726,0.654425,0.187686,-0.083333
0.460726,0.654425,0.187686,-0.083333
0.399296,0.545354,0.216360,-0.090909
0.417213,0.389019,0.220705,-0.153846
0.417213,0.389019,0.220705,-0.153846
0.417213,0.389019,0.220705,-0.153846
0.417213,0.389019,0.220705,-0.153846
0.417213,0.389019,0.220705,-0.153846
0.417213,0.389019,0.220705,-0.153846
0.417213,0.389019,0.220705,-0.153846
0.417213,0.389019,0.220705,-0.153846
0.417213,0.389019,0.220705,-0.153846
0.417213,0.389019,0.220705,-0.153846
0.417213,0.389019,0.220705,-0.153846
0.417213,0.389019,0.220705,-0.153846
0.417213,0.389019,0.220705,-0.153846
0.417213,0.389019,0.220705,-0.153846
0.417213,0.389019,0.220705,-0.153846
0.417213,0.389019,0.220705,-0.153846
0.855523,0.644765,0.376272,-0.044776
0.855523,0.644765,0.376272,-0.044776
0.769971,0.677003,0.395086,-0.047619
0.769971,0.677003,0.395086,-0.047619
0.712936,0.655511,0.388815,-0.050000
0.570349,0.730733,0.401357,-0.057692
0.570349,0.730733,0.401357,-0.057692
0.313692,0.719987,0.420171,-0.085714
0.313692,0.719987,0.420171,-0.085714
0.313692,0.719987,0.420171,-0.085714
-0.063372,0.791230,0.451527,-0.088235
-0.063372,0.791230,0.451527,-0.088235
-0.063372,0.791230,0.451527,-0.088235
-0.063372,0.791230,0.451527,-0.088235
-0.063372,0.791230,0.451527,-0.088235
-0.063372,0.791230,0.451527,-0.088235
-0.063372,0.791230,0.451527,-0.088235
-0.063372,0.791230,0.451527,-0.088235
-0.063372,0.791230,0.451527,-0.088235
-0.063372,0.791230,0.451527,-0.088235
-0.063372,0.791230,0.451527,-0.088235
-0.063372,0.791230,0.451527,-0.088235
-0.063372,0.791230,0.451527,-0.088235
-0.063372,0.791230,0.451527,-0.088235
-0.063372,0.791230,0.451527,-0.088235
0.190924,0.428253,0.482022,-0.125000
0.190924,0.428253,0.482022,-0.125000
0.190924,0.428253,0.482022,-0.125000
0.190924,0.428253,0.482022,-0.125000
0.190924,0.428253,0.482022,-0.125000
0.190924,0.428253,0.482022,-0.125000
0.190924,0.428253,0.482022,-0.125000
0.190924,0.428253,0.482022,-0.125000
0.190924,0.428253,0.482022,-0.125000
0.190924,0.428253,0.482022,-0.125000
0.120612,0.589507,0.226188,-0.100000
0.120612,0.589507,0.226188,-0.100000
0.120612,0.589507,0.226188,-0.100000
0.120612,0.589507,0.226188,-0.100000
0.120612,0.589507,0.226188,-0.100000
0.120612,0.589507,0.226188,-0.100000
0.120612,0.589507,0.226188,-0.100000
0.120612,0.589507,0.226188,-0.100000
0.120612,0.589507,0.226188,-0.100000
0.120612,0.589507,0.226188,-0.100000
0.120612,0.589507,0.226188,-0.100000
0.120612,0.589507,0.226188,-0.100000
0.384619,0.582986,0.251806,-0.088235
0.384619,0.582986,0.251806,-0.088235
0.384619,0.582986,0.251806,-0.088235
0.384619,0.582986,0.251806,-0.088235
0.384619,0.582986,0.251806,-0.088235
0.384619,0.582986,0.251806,-0.088235
0.384619,0.582986,0.251806,-0.088235
0.384619,0.582986,0.251806,-0.088235
0.384619,0.582986,0.251806,-0.088235
0.384619,0.582986,0.251806,-0.088235
0.384619,0.582986,0.251806,-0.088235
0.384619,0.582986,0.251806,-0.088235
0.290441,0.617091,0.265281,-0.090909
0.290441,0.617091,0.265281,-0.090909
0.290441,0.617091,0.265281,-0.090909
0.290441,0.617091,0.265281,-0.090909
0.290441,0.617091,0.265281,-0.090909
0.290441,0.617091,0.265281,-0.090909
0.290441,0.617091,0.265281,-0.090909
0.290441,0.617091,0.265281,-0.090909
0.290441,0.617091,0.265281,-0.090909
0.290441,0.617091,0.265281,-0.090909
0.290441,0.617091,0.265281,-0.090909
0.824376,0.982663,0.730249,-0.030928
0.824376,0.982663,0.730249,-0.030928
0.865595,0.884397,0.766761,-0.038961
0.865595,0.884397,0.766761,-0.038961
0.851855,0.818886,0.742420,-0.040541
0.879335,0.655109,0.827615,-0.043478
0.879335,0.655109,0.827615,-0.043478
0.902234,0.535006,0.799217,-0.044118
0.902234,0.535006,0.799217,-0.044118
0.902234,0.535006,0.799217,-0.044118
0.902234,0.535006,0.799217,-0.044118
0.902234,0.535006,0.799217,-0.044118
0.902234,0.535006,0.799217,-0.044118
0.902234,0.535006,0.799217,-0.044118
0.902234,0.535006,0.799217,-0.044118
0.902234,0.535006,0.799217,-0.044118
0.902234,0.535006,0.799217,-0.044118
0.902234,0.535006,0.799217,-0.044118
0.902234,0.535006,0.799217,-0.044118
0.902234,0.535006,0.799217,-0.044118
0.902234,0.535006,0.799217,-0.044118
0.902234,0.535006,0.799217,-0.044118
0.343877,0.584069,0.107769,-0.103448
0.343877,0.584069,0.107769,-0.103448
0.343877,0.584069,0.107769,-0.103448
0.343877,0.584069,0.107769,-0.103448
0.343877,0.584069,0.107769,-0.103448
0.343877,0.584069,0.107769,-0.103448
0.343877,0.584069,0.107769,-0.103448
0.343877,0.584069,0.107769,-0.103448
0.343877,0.584069,0.107769,-0.103448
0.343877,0.584069,0.107769,-0.103448
0.343877,0.584069,0.107769,-0.103448
0.343877,0.584069,0.107769,-0.103448
0.906308,0.879654,0.817761,-0.037500
0.906308,0.879654,0.817761,-0.037500
0.936518,0.835671,0.845019,-0.038961
0.845888,0.835671,0.885907,-0.040541
0.845888,0.835671,0.885907,-0.040541
0.855958,0.733045,0.935882,-0.042857
0.714976,0.718384,0.972226,-0.048387
0.714976,0.718384,0.972226,-0.048387
0.604205,0.483810,1.158494,-0.055556
0.332313,0.439827,1.281158,-0.117647
0.332313,0.439827,1.281158,-0.117647
0.332313,0.439827,1.281158,-0.117647
0.332313,0.439827,1.281158,-0.117647
0.332313,0.439827,1.281158,-0.117647
0.332313,0.439827,1.281158,-0.117647
0.332313,0.439827,1.281158,-0.117647
0.332313,0.439827,1.281158,-0.117647
0.332313,0.439827,1.281158,-0.117647
0.332313,0.439827,1.281158,-0.117647
0.332313,0.439827,1.281158,-0.117647
0.332313,0.439827,1.281158,-0.117647
0.332313,0.439827,1.281158,-0.117647
0.332313,0.439827,1.281158,-0.117647
0.332313,0.439827,1.281158,-0.117647
0.332313,0.439827,1.281158,-0.117647
0.260728,0.594356,0.022513,-0.045455
0.260728,0.594356,0.022513,-0.045455
0.260728,0.594356,0.022513,-0.045455
0.260728,0.594356,0.022513,-0.045455
0.260728,0.594356,0.022513,-0.045455
0.260728,0.594356,0.022513,-0.045455
0.260728,0.594356,0.022513,-0.045455
0.260728,0.594356,0.022513,-0.045455
0.260728,0.594356,0.022513,-0.045455
0.260728,0.594356,0.022513,-0.045455
0.260728,0.594356,0.022513,-0.045455
0.425259,0.312719,0.161485,-0.166667
0.425259,0.312719,0.161485,-0.166667
0.425259,0.312719,0.161485,-0.166667
0.425259,0.312719,0.161485,-0.166667
0.425259,0.312719,0.161485,-0.166667
0.425259,0.312719,0.161485,-0.166667
0.425259,0.312719,0.161485,-0.166667
0.425259,0.312719,0.161485,-0.166667
0.425259,0.312719,0.161485,-0.166667
0.425259,0.312719,0.161485,-0.166667
0.178766,0.422886,0.094229,-0.285714
0.178766,0.422886,0.094229,-0.285714
0.178766,0.422886,0.094229,-0.285714
0.178766,0.422886,0.094229,-0.285714
0.178766,0.422886,0.094229,-0.285714
0.178766,0.422886,0.094229,-0.285714
0.178766,0.422886,0.094229,-0.285714
0.178766,0.422886,0.094229,-0.285714
0.178766,0.422886,0.094229,-0.285714
0.178766,0.422886,0.094229,-0.285714
0.178766,0.422886,0.094229,-0.285714
0.178766,0.422886,0.094229,-0.285714
0.178766,0.422886,0.094229,-0.285714
0.598524,0.470924,0.695949,-0.062500
0.598524,0.470924,0.695949,-0.062500
0.598524,0.470924,0.695949,-0.062500
0.598524,0.470924,0.695949,-0.062500
0.598524,0.470924,0.695949,-0.062500
0.598524,0.470924,0.695949,-0.062500
0.598524,0.470924,0.695949,-0.062500
0.598524,0.470924,0.695949,-0.062500
0.598524,0.470924,0.695949,-0.062500
0.598524,0.470924,0.695949,-0.062500
0.598524,0.470924,0.695949,-0.062500
0.598524,0.470924,0.695949,-0.062500
0.598524,0.470924,0.695949,-0.062500
0.598524,0.470924,0.695949,-0.062500
0.699888,0.638531,0.033604,-0.019608
0.699888,0.638531,0.033604,-0.019608
0.629899,0.670457,0.035284,-0.022727
0.629899,0.670457,0.035284,-0.022727
0.583240,0.649173,0.034724,-0.023810
0.583240,0.649173,0.034724,-0.023810
0.451039,0.652720,0.039018,-0.068966
0.451039,0.652720,0.039018,-0.068966
0.368089,0.572313,0.040822,-0.083333
0.368089,0.572313,0.040822,-0.083333
0.368089,0.572313,0.040822,-0.083333
0.368089,0.572313,0.040822,-0.083333
0.368089,0.572313,0.040822,-0.083333
0.368089,0.572313,0.040822,-0.083333
0.368089,0.572313,0.040822,-0.083333
0.368089,0.572313,0.040822,-0.083333
0.368089,0.572313,0.040822,-0.083333
0.368089,0.572313,0.040822,-0.083333
0.368089,0.572313,0.040822,-0.083333
0.368089,0.572313,0.040822,-0.083333
0.368089,0.572313,0.040822,-0.083333
0.368089,0.572313,0.040822,-0.083333
0.368089,0.572313,0.040822,-0.083333
0.068806,0.319600,0.530864,-0.117647
0.068806,0.319600,0.530864,-0.117647
0.071100,0.330253,0.504321,-0.125000
0.071100,0.330253,0.504321,-0.125000
0.071100,0.330253,0.504321,-0.125000
0.071100,0.330253,0.504321,-0.125000
0.071100,0.330253,0.504321,-0.125000
0.071100,0.330253,0.504321,-0.125000
0.071100,0.330253,0.504321,-0.125000
0.071100,0.330253,0.504321,-0.125000
0.071100,0.330253,0.504321,-0.125000
0.071100,0.330253,0.504321,-0.125000
0.071100,0.330253,0.504321,-0.125000
0.071100,0.330253,0.504321,-0.125000
0.654446,0.407619,0.819981,-0.060606
0.654446,0.407619,0.819981,-0.060606
0.621723,0.421207,0.847314,-0.062500
0.621723,0.421207,0.847314,-0.062500
0.621723,0.421207,0.847314,-0.062500
0.621723,0.421207,0.847314,-0.062500
0.621723,0.421207,0.847314,-0.062500
0.621723,0.421207,0.847314,-0.062500
0.621723,0.421207,0.847314,-0.062500
0.621723,0.421207,0.847314,-0.062500
0.621723,0.421207,0.847314,-0.062500
0.621723,0.421207,0.847314,-0.062500
0.621723,0.421207,0.847314,-0.062500
0.621723,0.421207,0.847314,-0.062500
0.621723,0.421207,0.847314,-0.062500
0.718359,0.968649,0.531334,-0.037037
0.718359,0.968649,0.531334,-0.037037
0.754277,0.871784,0.557901,-0.042857
0.754277,0.871784,0.557901,-0.042857
0.742304,0.807208,0.540189,-0.044776
0.766250,0.645766,0.602178,-0.047619
0.766250,0.645766,0.602178,-0.047619
0.766250,0.645766,0.602178,-0.047619
0.766250,0.645766,0.602178,-0.047619
0.711707,0.588365,0.612018,-0.049180
0.711707,0.588365,0.612018,-0.049180
0.655835,0.706755,0.668103,-0.053571
0.585330,0.530963,0.692702,-0.057692
0.585330,0.530963,0.692702,-0.057692
0.369378,0.751002,0.835047,-0.076923
0.348389,0.607897,0.815915,-0.083333
0.348389,0.607897,0.815915,-0.083333
0.348389,0.607897,0.815915,-0.083333
0.348389,0.607897,0.815915,-0.083333
0.348389,0.607897,0.815915,-0.083333
0.348389,0.607897,0.815915,-0.083333
0.348389,0.607897,0.815915,-0.083333
0.348389,0.607897,0.815915,-0.083333
0.348389,0.607897,0.815915,-0.083333
0.348389,0.607897,0.815915,-0.083333
0.348389,0.607897,0.815915,-0.083333
0.348389,0.607897,0.815915,-0.083333
0.348389,0.607897,0.815915,-0.083333
0.348389,0.607897,0.815915,-0.083333
0.348389,0.607897,0.815915,-0.083333
0.348389,0.607897,0.815915,-0.083333
0.325146,0.105629,0.610959,-0.117647
0.325146,0.105629,0.610959,-0.117647
0.325146,0.105629,0.610959,-0.117647
0.325146,0.105629,0.610959,-0.117647
0.325146,0.105629,0.610959,-0.117647
0.325146,0.105629,0.610959,-0.117647
0.325146,0.105629,0.610959,-0.117647
0.325146,0.105629,0.610959,-0.117647
0.325146,0.105629,0.610959,-0.117647
0.325146,0.105629,0.610959,-0.117647
0.325146,0.105629,0.610959,-0.117647
0.778802,0.423453,0.090823,-0.054054
0.778802,0.423453,0.090823,-0.054054
0.700922,0.444626,0.095364,-0.057143
0.700922,0.444626,0.095364,-0.057143
0.649002,0.430510,0.093851,-0.071429
0.519201,0.479913,0.096878,-0.076923
0.415361,0.451683,0.107474,-0.200000
0.181721,0.472856,0.107474,-0.250000
0.181721,0.472856,0.107474,-0.250000
-0.346134,0.470503,0.135226,-0.333333
-0.346134,0.470503,0.135226,-0.333333
-0.346134,0.470503,0.135226,-0.333333
-0.346134,0.470503,0.135226,-0.333333
-0.346134,0.470503,0.135226,-0.333333
-0.346134,0.470503,0.135226,-0.333333
-0.346134,0.470503,0.135226,-0.333333
-0.346134,0.470503,0.135226,-0.333333
-0.346134,0.470503,0.135226,-0.333333
-0.346134,0.470503,0.135226,-0.333333
-0.346134,0.470503,0.135226,-0.333333
-0.346134,0.470503,0.135226,-0.333333
-0.346134,0.470503,0.135226,-0.333333
-0.346134,0.470503,0.135226,-0.333333
-0.346134,0.470503,0.135226,-0.333333
-0.346134,0.470503,0.135226,-0.333333
-0.346134,0.470503,0.135226,-0.333333
-0.346134,0.470503,0.135226,-0.333333
-0.346134,0.470503,0.135226,-0.333333
0.266471,0.153657,0.281005,-0.142857
0.266471,0.153657,0.281005,-0.142857
0.266471,0.153657,0.281005,-0.142857
0.266471,0.153657,0.281005,-0.142857
0.266471,0.153657,0.281005,-0.142857
0.266471,0.153657,0.281005,-0.142857
0.266471,0.153657,0.281005,-0.142857
0.266471,0.153657,0.281005,-0.142857
0.266471,0.153657,0.281005,-0.142857
0.266471,0.153657,0.281005,-0.142857
0.440085,0.527143,0.457424,-0.078947
0.440085,0.527143,0.457424,-0.078947
0.440085,0.527143,0.457424,-0.078947
0.440085,0.527143,0.457424,-0.078947
0.440085,0.527143,0.457424,-0.078947
0.440085,0.527143,0.457424,-0.078947
0.440085,0.527143,0.457424,-0.078947
0.440085,0.527143,0.457424,-0.078947
0.440085,0.527143,0.457424,-0.078947
0.440085,0.527143,0.457424,-0.078947
0.440085,0.527143,0.457424,-0.078947
0.875372,0.518052,0.943623,-0.044776
0.875372,0.518052,0.943623,-0.044776
0.787834,0.543955,0.990804,-0.046875
0.787834,0.543955,0.990804,-0.046875
0.729476,0.526686,0.975077,-0.050000
0.583581,0.587126,1.006531,-0.056604
0.466865,0.552589,1.116620,-0.076923
0.204253,0.578492,1.116620,-0.083333
0.204253,0.578492,1.116620,-0.083333
0.204253,0.578492,1.116620,-0.083333
0.204253,0.578492,1.116620,-0.083333
0.204253,0.578492,1.116620,-0.083333
0.204253,0.578492,1.116620,-0.083333
0.204253,0.578492,1.116620,-0.083333
0.204253,0.578492,1.116620,-0.083333
0.204253,0.578492,1.116620,-0.083333
0.204253,0.578492,1.116620,-0.083333
0.204253,0.578492,1.116620,-0.083333
0.204253,0.578492,1.116620,-0.083333
0.204253,0.578492,1.116620,-0.083333
0.204253,0.578492,1.116620,-0.083333
0.204253,0.578492,1.116620,-0.083333
0.204253,0.578492,1.116620,-0.083333
0.637709,0.957694,0.240707,-0.043478
0.637709,0.957694,0.240707,-0.043478
0.669595,0.861925,0.252742,-0.048387
0.605824,0.861925,0.264778,-0.052632
0.637709,0.766155,0.252742,-0.056604
0.637709,0.574616,0.288848,-0.058824
0.637709,0.574616,0.288848,-0.058824
0.648338,0.223462,0.296872,-0.066667
0.648338,0.223462,0.296872,-0.066667
0.648338,0.223462,0.296872,-0.066667
0.661328,-0.716497,0.370867,-0.076923
0.661328,-0.716497,0.370867,-0.076923
0.661328,-0.716497,0.370867,-0.076923
0.661328,-0.716497,0.370867,-0.076923
0.661328,-0.716497,0.370867,-0.076923
0.661328,-0.716497,0.370867,-0.076923
0.661328,-0.716497,0.370867,-0.076923
0.661328,-0.716497,0.370867,-0.076923
0.661328,-0.716497,0.370867,-0.076923
0.661328,-0.716497,0.370867,-0.076923
0.661328,-0.716497,0.370867,-0.076923
0.661328,-0.716497,0.370867,-0.076923
0.661328,-0.716497,0.370867,-0.076923
0.661328,-0.716497,0.370867,-0.076923
0.661328,-0.716497,0.370867,-0.076923
0.661328,-0.716497,0.370867,-0.076923
0.661328,-0.716497,0.370867,-0.076923
0.676122,0.289065,0.671808,-0.058824
0.676122,0.289065,0.671808,-0.058824
0.642316,0.298700,0.694202,-0.062500
0.642316,0.298700,0.694202,-0.062500
0.642316,0.298700,0.694202,-0.062500
0.642316,0.298700,0.694202,-0.062500
0.642316,0.298700,0.694202,-0.062500
0.642316,0.298700,0.694202,-0.062500
0.642316,0.298700,0.694202,-0.062500
0.642316,0.298700,0.694202,-0.062500
0.642316,0.298700,0.694202,-0.062500
0.642316,0.298700,0.694202,-0.062500
0.642316,0.298700,0.694202,-0.062500
0.642316,0.298700,0.694202,-0.062500
0.642316,0.298700,0.694202,-0.062500
0.695140,0.067993,0.254790,-0.064516
0.695140,0.067993,0.254790,-0.064516
0.660383,0.070259,0.263283,-0.066667
0.660383,0.070259,0.263283,-0.066667
0.660383,0.070259,0.263283,-0.066667
0.660383,0.070259,0.263283,-0.066667
0.660383,0.070259,0.263283,-0.066667
0.660383,0.070259,0.263283,-0.066667
0.660383,0.070259,0.263283,-0.066667
0.660383,0.070259,0.263283,-0.066667
0.660383,0.070259,0.263283,-0.066667
0.660383,0.070259,0.263283,-0.066667
0.660383,0.070259,0.263283,-0.066667
0.660383,0.070259,0.263283,-0.066667
0.224040,0.667833,0.844392,-0.083333
0.224040,0.667833,0.844392,-0.083333
0.224040,0.667833,0.844392,-0.083333
0.224040,0.667833,0.844392,-0.083333
0.224040,0.667833,0.844392,-0.083333
0.224040,0.667833,0.844392,-0.083333
0.224040,0.667833,0.844392,-0.083333
0.224040,0.667833,0.844392,-0.083333
0.224040,0.667833,0.844392,-0.083333
0.224040,0.667833,0.844392,-0.083333
0.224040,0.667833,0.844392,-0.083333
0.344462,0.780520,0.675332,-0.076923
0.344462,0.780520,0.675332,-0.076923
0.344462,0.780520,0.675332,-0.076923
0.344462,0.780520,0.675332,-0.076923
0.344462,0.780520,0.675332,-0.076923
0.344462,0.780520,0.675332,-0.076923
0.344462,0.780520,0.675332,-0.076923
0.344462,0.780520,0.675332,-0.076923
0.344462,0.780520,0.675332,-0.076923
0.344462,0.780520,0.675332,-0.076923
0.344462,0.780520,0.675332,-0.076923
0.006715,0.602170,0.386771,-0.088235
0.006715,0.602170,0.386771,-0.088235
0.006715,0.602170,0.386771,-0.088235
0.006715,0.602170,0.386771,-0.088235
0.006715,0.602170,0.386771,-0.088235
0.006715,0.602170,0.386771,-0.088235
0.006715,0.602170,0.386771,-0.088235
0.006715,0.602170,0.386771,-0.088235
0.006715,0.602170,0.386771,-0.088235
0.006715,0.602170,0.386771,-0.088235
0.006715,0.602170,0.386771,-0.088235
0.915991,0.001151,0.462449,-0.043478
0.915991,0.001151,0.462449,-0.043478
0.915991,0.001151,0.462449,-0.043478
0.915991,0.001151,0.462449,-0.043478
0.915991,0.001151,0.462449,-0.043478
0.915991,0.001151,0.462449,-0.043478
0.915991,0.001151,0.462449,-0.043478
0.915991,0.001151,0.462449,-0.043478
0.915991,0.001151,0.462449,-0.043478
0.915991,0.001151,0.462449,-0.043478
0.915991,0.001151,0.462449,-0.043478
0.424349,0.460916,0.770160,-0.111111
0.424349,0.460916,0.770160,-0.111111
0.424349,0.460916,0.770160,-0.111111
0.412562,0.445552,0.812946,-0.117647
0.412562,0.445552,0.812946,-0.117647
0.412562,0.445552,0.812946,-0.117647
0.412562,0.445552,0.812946,-0.117647
0.412562,0.445552,0.812946,-0.117647
0.412562,0.445552,0.812946,-0.117647
0.412562,0.445552,0.812946,-0.117647
0.412562,0.445552,0.812946,-0.117647
0.412562,0.445552,0.812946,-0.117647
0.412562,0.445552,0.812946,-0.117647
0.412562,0.445552,0.812946,-0.117647
0.412562,0.445552,0.812946,-0.117647
0.412562,0.445552,0.812946,-0.117647
0.322472,0.784739,0.471357,-0.083333
0.322472,0.784739,0.471357,-0.083333
0.322472,0.784739,0.471357,-0.083333
0.322472,0.784739,0.471357,-0.083333
0.322472,0.784739,0.471357,-0.083333
0.322472,0.784739,0.471357,-0.083333
0.322472,0.784739,0.471357,-0.083333
0.322472,0.784739,0.471357,-0.083333
0.322472,0.784739,0.471357,-0.083333
0.322472,0.784739,0.471357,-0.083333
0.322472,0.784739,0.471357,-0.083333
0.322472,0.784739,0.471357,-0.083333
0.322472,0.784739,0.471357,-0.083333
0.035763,0.175874,0.721758,-0.117647
0.035763,0.175874,0.721758,-0.117647
0.035763,0.175874,0.721758,-0.117647
0.035763,0.175874,0.721758,-0.117647
0.035763,0.175874,0.721758,-0.117647
0.035763,0.175874,0.721758,-0.117647
0.035763,0.175874,0.721758,-0.117647
0.035763,0.175874,0.721758,-0.117647
0.035763,0.175874,0.721758,-0.117647
0.035763,0.175874,0.721758,-0.117647
0.035763,0.175874,0.721758,-0.117647
0.473486,0.152721,0.341125,-0.133333
0.473486,0.152721,0.341125,-0.133333
0.473486,0.152721,0.341125,-0.133333
0.473486,0.152721,0.341125,-0.133333
0.473486,0.152721,0.341125,-0.133333
0.473486,0.152721,0.341125,-0.133333
0.473486,0.152721,0.341125,-0.133333
0.473486,0.152721,0.341125,-0.133333
0.473486,0.152721,0.341125,-0.133333
0.473486,0.152721,0.341125,-0.133333
0.473486,0.152721,0.341125,-0.133333
0.607389,0.191745,0.738427,-0.062500
0.607389,0.191745,0.738427,-0.062500
0.607389,0.191745,0.738427,-0.062500
0.607389,0.191745,0.738427,-0.062500
0.607389,0.191745,0.738427,-0.062500
0.607389,0.191745,0.738427,-0.062500
0.607389,0.191745,0.738427,-0.062500
0.607389,0.191745,0.738427,-0.062500
0.607389,0.191745,0.738427,-0.062500
0.607389,0.191745,0.738427,-0.062500
0.607389,0.191745,0.738427,-0.062500
0.242850,0.917424,0.269062,-0.083333
0.242850,0.917424,0.269062,-0.083333
0.250945,0.871553,0.278030,-0.088235
0.250945,0.871553,0.278030,-0.088235
0.250945,0.871553,0.278030,-0.088235
0.250945,0.871553,0.278030,-0.088235
0.250945,0.871553,0.278030,-0.088235
0.250945,0.871553,0.278030,-0.088235
0.250945,0.871553,0.278030,-0.088235
0.250945,0.871553,0.278030,-0.088235
0.250945,0.871553,0.278030,-0.088235
0.250945,0.871553,0.278030,-0.088235
0.250945,0.871553,0.278030,-0.088235
0.250945,0.871553,0.278030,-0.088235
0.765500,0.188662,0.287498,-0.051282
0.765500,0.188662,0.287498,-0.051282
0.688950,0.198095,0.301873,-0.064516
0.688950,0.198095,0.301873,-0.064516
0.688950,0.198095,0.301873,-0.064516
0.552861,0.215913,0.303470,-0.068966
0.552861,0.215913,0.303470,-0.068966
0.447959,0.230237,0.334350,-0.133333
0.447959,0.230237,0.334350,-0.133333
0.447959,0.230237,0.334350,-0.133333
0.447959,0.230237,0.334350,-0.133333
0.447959,0.230237,0.334350,-0.133333
0.447959,0.230237,0.334350,-0.133333
0.447959,0.230237,0.334350,-0.133333
0.447959,0.230237,0.334350,-0.133333
0.447959,0.230237,0.334350,-0.133333
0.447959,0.230237,0.334350,-0.133333
0.447959,0.230237,0.334350,-0.133333
0.447959,0.230237,0.334350,-0.133333
0.447959,0.230237,0.334350,-0.133333
0.447959,0.230237,0.334350,-0.133333
0.447959,0.230237,0.334350,-0.133333
0.091113,0.576209,0.683363,-0.083333
0.091113,0.576209,0.683363,-0.083333
0.091113,0.576209,0.683363,-0.083333
0.091113,0.576209,0.683363,-0.083333
0.091113,0.576209,0.683363,-0.083333
0.091113,0.576209,0.683363,-0.083333
0.091113,0.576209,0.683363,-0.083333
0.091113,0.576209,0.683363,-0.083333
0.091113,0.576209,0.683363,-0.083333
0.091113,0.576209,0.683363,-0.083333
0.091113,0.576209,0.683363,-0.083333
0.546593,0.425729,0.644443,-0.064516
0.546593,0.425729,0.644443,-0.064516
0.491934,0.447015,0.676665,-0.083333
0.491934,0.447015,0.676665,-0.083333
0.455494,0.432824,0.665924,-0.100000
0.364395,0.482493,0.687406,-0.117647
0.364395,0.482493,0.687406,-0.117647
0.364395,0.482493,0.687406,-0.117647
0.364395,0.482493,0.687406,-0.117647
0.364395,0.482493,0.687406,-0.117647
0.364395,0.482493,0.687406,-0.117647
0.364395,0.482493,0.687406,-0.117647
0.364395,0.482493,0.687406,-0.117647
0.364395,0.482493,0.687406,-0.117647
0.364395,0.482493,0.687406,-0.117647
0.364395,0.482493,0.687406,-0.117647
0.364395,0.482493,0.687406,-0.117647
0.364395,0.482493,0.687406,-0.117647
0.364395,0.482493,0.687406,-0.117647
0.647618,0.679017,0.635787,-0.055556
0.647618,0.679017,0.635787,-0.055556
0.615237,0.701651,0.656980,-0.056604
0.615237,0.701651,0.656980,-0.056604
0.615237,0.701651,0.656980,-0.056604
0.615237,0.701651,0.656980,-0.056604
0.615237,0.701651,0.656980,-0.056604
0.615237,0.701651,0.656980,-0.056604
0.615237,0.701651,0.656980,-0.056604
0.615237,0.701651,0.656980,-0.056604
0.615237,0.701651,0.656980,-0.056604
0.615237,0.701651,0.656980,-0.056604
0.615237,0.701651,0.656980,-0.056604
0.615237,0.701651,0.656980,-0.056604
0.615237,0.701651,0.656980,-0.056604
0.945174,0.208935,0.709282,-0.043478
0.945174,0.208935,0.709282,-0.043478
0.945174,0.208935,0.709282,-0.043478
0.945174,0.208935,0.709282,-0.043478
0.945174,0.208935,0.709282,-0.043478
0.945174,0.208935,0.709282,-0.043478
0.945174,0.208935,0.709282,-0.043478
0.945174,0.208935,0.709282,-0.043478
0.945174,0.208935,0.709282,-0.043478
0.945174,0.208935,0.709282,-0.043478
0.945174,0.208935,0.709282,-0.043478
0.945174,0.208935,0.709282,-0.043478
0.236231,0.119396,0.607304,-0.117647
0.236231,0.119396,0.607304,-0.117647
0.236231,0.119396,0.607304,-0.117647
0.236231,0.119396,0.607304,-0.117647
0.236231,0.119396,0.607304,-0.117647
0.236231,0.119396,0.607304,-0.117647
0.236231,0.119396,0.607304,-0.117647
0.236231,0.119396,0.607304,-0.117647
0.236231,0.119396,0.607304,-0.117647
0.236231,0.119396,0.607304,-0.117647
0.236231,0.119396,0.607304,-0.117647
0.450138,0.458725,0.661945,-0.100000
0.450138,0.458725,0.661945,-0.100000
0.450138,0.458725,0.661945,-0.100000
0.450138,0.458725,0.661945,-0.100000
0.450138,0.458725,0.661945,-0.100000
0.450138,0.458725,0.661945,-0.100000
0.450138,0.458725,0.661945,-0.100000
0.450138,0.458725,0.661945,-0.100000
0.450138,0.458725,0.661945,-0.100000
0.450138,0.458725,0.661945,-0.100000
0.450138,0.458725,0.661945,-0.100000
0.450138,0.458725,0.661945,-0.100000
0.770286,0.350218,0.662010,-0.048780
0.770286,0.350218,0.662010,-0.048780
0.693257,0.367729,0.695110,-0.057143
0.693257,0.367729,0.695110,-0.057143
0.641905,0.356055,0.684077,-0.062500
0.641905,0.356055,0.684077,-0.062500
0.641905,0.356055,0.684077,-0.062500
0.425083,0.365135,0.714725,-0.117647
0.425083,0.365135,0.714725,-0.117647
0.425083,0.365135,0.714725,-0.117647
0.425083,0.365135,0.714725,-0.117647
0.425083,0.365135,0.714725,-0.117647
0.425083,0.365135,0.714725,-0.117647
0.425083,0.365135,0.714725,-0.117647
0.425083,0.365135,0.714725,-0.117647
0.425083,0.365135,0.714725,-0.117647
0.425083,0.365135,0.714725,-0.117647
0.425083,0.365135,0.714725,-0.117647
0.425083,0.365135,0.714725,-0.117647
0.425083,0.365135,0.714725,-0.117647
0.425083,0.365135,0.714725,-0.117647
0.425083,0.365135,0.714725,-0.117647
0.425083,0.365135,0.714725,-0.117647
0.425083,0.365135,0.714725,-0.117647
0.416159,0.841929,0.832917,-0.073171
0.416159,0.841929,0.832917,-0.073171
0.430031,0.799833,0.860681,-0.075000
0.430031,0.799833,0.860681,-0.075000
0.430031,0.799833,0.860681,-0.075000
0.430031,0.799833,0.860681,-0.075000
0.430031,0.799833,0.860681,-0.075000
0.430031,0.799833,0.860681,-0.075000
0.430031,0.799833,0.860681,-0.075000
0.430031,0.799833,0.860681,-0.075000
0.430031,0.799833,0.860681,-0.075000
0.430031,0.799833,0.860681,-0.075000
0.430031,0.799833,0.860681,-0.075000
0.430031,0.799833,0.860681,-0.075000
0.430031,0.799833,0.860681,-0.075000
0.256441,0.613461,0.582249,-0.083333
0.256441,0.613461,0.582249,-0.083333
0.256441,0.613461,0.582249,-0.083333
0.256441,0.613461,0.582249,-0.083333
0.256441,0.613461,0.582249,-0.083333
0.256441,0.613461,0.582249,-0.083333
0.256441,0.613461,0.582249,-0.083333
0.256441,0.613461,0.582249,-0.083333
0.256441,0.613461,0.582249,-0.083333
0.256441,0.613461,0.582249,-0.083333
0.256441,0.613461,0.582249,-0.083333
0.540739,0.869941,0.264779,-0.054545
0.540739,0.869941,0.264779,-0.054545
0.567776,0.782947,0.278018,-0.056604
0.513702,0.782947,0.291257,-0.060000
0.513702,0.782947,0.291257,-0.060000
0.540739,0.676621,0.300083,-0.061224
0.459628,0.647623,0.313322,-0.078947
0.459628,0.647623,0.313322,-0.078947
0.459628,0.647623,0.313322,-0.078947
0.312427,0.479005,0.372652,-0.125000
0.312427,0.479005,0.372652,-0.125000
0.312427,0.479005,0.372652,-0.125000
0.312427,0.479005,0.372652,-0.125000
0.312427,0.479005,0.372652,-0.125000
0.312427,0.479005,0.372652,-0.125000
0.312427,0.479005,0.372652,-0.125000
0.312427,0.479005,0.372652,-0.125000
0.312427,0.479005,0.372652,-0.125000
0.312427,0.479005,0.372652,-0.125000
0.312427,0.479005,0.372652,-0.125000
0.312427,0.479005,0.372652,-0.125000
0.312427,0.479005,0.372652,-0.125000
0.312427,0.479005,0.372652,-0.125000
0.312427,0.479005,0.372652,-0.125000
0.312427,0.479005,0.372652,-0.125000
0.318074,0.119215,0.939829,-0.117647
0.318074,0.119215,0.939829,-0.117647
0.318074,0.119215,0.939829,-0.117647
0.318074,0.119215,0.939829,-0.117647
0.318074,0.119215,0.939829,-0.117647
0.318074,0.119215,0.939829,-0.117647
0.318074,0.119215,0.939829,-0.117647
0.318074,0.119215,0.939829,-0.117647
0.318074,0.119215,0.939829,-0.117647
0.318074,0.119215,0.939829,-0.117647
0.318074,0.119215,0.939829,-0.117647
0.645552,0.479463,0.639317,-0.055556
0.645552,0.503436,0.639317,-0.056604
0.613274,0.495445,0.660628,-0.075000
0.613274,0.495445,0.660628,-0.075000
0.613274,0.495445,0.660628,-0.075000
0.613274,0.495445,0.660628,-0.075000
0.613274,0.495445,0.660628,-0.075000
0.613274,0.495445,0.660628,-0.075000
0.613274,0.495445,0.660628,-0.075000
0.613274,0.495445,0.660628,-0.075000
0.613274,0.495445,0.660628,-0.075000
0.613274,0.495445,0.660628,-0.075000
0.613274,0.495445,0.660628,-0.075000
0.613274,0.495445,0.660628,-0.075000
0.613274,0.495445,0.660628,-0.075000
0.613274,0.495445,0.660628,-0.075000
0.613274,0.495445,0.660628,-0.075000
0.544716,0.647311,0.543886,-0.057692
0.544716,0.647311,0.543886,-0.057692
0.490244,0.679677,0.571080,-0.066667
0.490244,0.679677,0.571080,-0.066667
0.490244,0.679677,0.571080,-0.066667
0.443843,0.709645,0.564030,-0.075000
0.443843,0.709645,0.564030,-0.075000
0.443843,0.709645,0.564030,-0.075000
0.330416,0.743343,0.610249,-0.081081
0.330416,0.743343,0.610249,-0.081081
0.330416,0.743343,0.610249,-0.081081
0.248738,0.765211,0.616421,-0.083333
0.248738,0.765211,0.616421,-0.083333
0.248738,0.765211,0.616421,-0.083333
0.248738,0.765211,0.616421,-0.083333
0.248738,0.765211,0.616421,-0.083333
0.248738,0.765211,0.616421,-0.083333
0.248738,0.765211,0.616421,-0.083333
0.248738,0.765211,0.616421,-0.083333
0.248738,0.765211,0.616421,-0.083333
0.248738,0.765211,0.616421,-0.083333
0.248738,0.765211,0.616421,-0.083333
0.248738,0.765211,0.616421,-0.083333
0.248738,0.765211,0.616421,-0.083333
0.248738,0.765211,0.616421,-0.083333
0.721047,0.522495,0.993705,-0.050000
0.721047,0.522495,0.993705,-0.050000
0.648942,0.548620,1.043390,-0.056604
0.648942,0.548620,1.043390,-0.056604
0.648942,0.548620,1.043390,-0.056604
0.648942,0.548620,1.043390,-0.056604
0.531438,0.543782,1.135400,-0.060000
0.531438,0.543782,1.135400,-0.060000
0.531438,0.543782,1.135400,-0.060000
0.531438,0.543782,1.135400,-0.060000
0.424468,0.542116,1.219537,-0.078947
0.424468,0.542116,1.219537,-0.078947
0.424468,0.542116,1.219537,-0.078947
0.326323,0.555998,1.296458,-0.083333
0.326323,0.555998,1.296458,-0.083333
0.326323,0.555998,1.296458,-0.083333
0.326323,0.555998,1.296458,-0.083333
0.326323,0.555998,1.296458,-0.083333
0.326323,0.555998,1.296458,-0.083333
0.326323,0.555998,1.296458,-0.083333
0.326323,0.555998,1.296458,-0.083333
0.326323,0.555998,1.296458,-0.083333
0.326323,0.555998,1.296458,-0.083333
0.326323,0.555998,1.296458,-0.083333
0.326323,0.555998,1.296458,-0.083333
0.326323,0.555998,1.296458,-0.083333
0.326323,0.555998,1.296458,-0.083333
0.218677,0.105798,0.109697,-0.250000
0.218677,0.105798,0.109697,-0.250000
0.218677,0.105798,0.109697,-0.250000
0.218677,0.105798,0.109697,-0.250000
0.218677,0.105798,0.109697,-0.250000
0.218677,0.105798,0.109697,-0.250000
0.218677,0.105798,0.109697,-0.250000
0.218677,0.105798,0.109697,-0.250000
0.218677,0.105798,0.109697,-0.250000
0.063591,0.404580,0.448373,-0.133333
0.063591,0.404580,0.448373,-0.133333
0.063591,0.404580,0.448373,-0.133333
0.063591,0.404580,0.448373,-0.133333
0.063591,0.404580,0.448373,-0.133333
0.063591,0.404580,0.448373,-0.133333
0.063591,0.404580,0.448373,-0.133333
0.063591,0.404580,0.448373,-0.133333
0.063591,0.404580,0.448373,-0.133333
0.063591,0.404580,0.448373,-0.133333
0.063591,0.404580,0.448373,-0.133333
0.365816,0.763505,0.627896,-0.076923
0.365816,0.763505,0.627896,-0.076923
0.365816,0.763505,0.627896,-0.076923
0.365816,0.763505,0.627896,-0.076923
0.365816,0.763505,0.627896,-0.076923
0.365816,0.763505,0.627896,-0.076923
0.365816,0.763505,0.627896,-0.076923
0.365816,0.763505,0.627896,-0.076923
0.365816,0.763505,0.627896,-0.076923
0.365816,0.763505,0.627896,-0.076923
0.365816,0.763505,0.627896,-0.076923
0.365816,0.763505,0.627896,-0.076923
0.771980,0.932854,0.972741,-0.040000
0.771980,0.932854,0.972741,-0.040000
0.810579,0.839568,1.021378,-0.041667
0.733381,0.839568,1.070015,-0.044118
0.733381,0.839568,1.070015,-0.044118
0.771980,0.621902,1.167289,-0.047619
0.656183,0.590807,1.215926,-0.055556
0.656183,0.590807,1.215926,-0.055556
0.630451,0.093285,1.523961,-0.062500
0.411723,-0.000000,1.686084,-0.117647
0.411723,-0.000000,1.686084,-0.117647
0.411723,-0.000000,1.686084,-0.117647
0.411723,-0.000000,1.686084,-0.117647
0.411723,-0.000000,1.686084,-0.117647
0.411723,-0.000000,1.686084,-0.117647
0.411723,-0.000000,1.686084,-0.117647
0.411723,-0.000000,1.686084,-0.117647
0.411723,-0.000000,1.686084,-0.117647
0.411723,-0.000000,1.686084,-0.117647
0.411723,-0.000000,1.686084,-0.117647
0.411723,-0.000000,1.686084,-0.117647
0.411723,-0.000000,1.686084,-0.117647
0.411723,-0.000000,1.686084,-0.117647
0.411723,-0.000000,1.686084,-0.117647
0.411723,-0.000000,1.686084,-0.117647
0.411723,-0.000000,1.686084,-0.117647
0.192028,0.138874,0.696266,-0.117647
0.192028,0.138874,0.696266,-0.117647
0.192028,0.138874,0.696266,-0.117647
0.192028,0.138874,0.696266,-0.117647
0.192028,0.138874,0.696266,-0.117647
0.192028,0.138874,0.696266,-0.117647
0.192028,0.138874,0.696266,-0.117647
0.192028,0.138874,0.696266,-0.117647
0.192028,0.138874,0.696266,-0.117647
0.192028,0.138874,0.696266,-0.117647
0.192028,0.138874,0.696266,-0.117647
0.093820,0.525404,0.530344,-0.083333
0.093820,0.525404,0.530344,-0.083333
0.096947,0.542918,0.503827,-0.085714
0.096947,0.542918,0.503827,-0.085714
0.096947,0.542918,0.503827,-0.085714
0.096947,0.542918,0.503827,-0.085714
0.096947,0.542918,0.503827,-0.085714
0.096947,0.542918,0.503827,-0.085714
0.096947,0.542918,0.503827,-0.085714
0.096947,0.542918,0.503827,-0.085714
0.096947,0.542918,0.503827,-0.085714
0.096947,0.542918,0.503827,-0.085714
0.096947,0.542918,0.503827,-0.085714
0.096947,0.542918,0.503827,-0.085714
0.096947,0.542918,0.503827,-0.085714
0.861140,0.484853,0.393456,-0.039216
0.861140,0.509096,0.393456,-0.046154
0.775026,0.509096,0.413129,-0.049180
0.775026,0.509096,0.413129,-0.049180
0.775026,0.509096,0.413129,-0.049180
0.621934,0.546807,0.415315,-0.057692
0.621934,0.546807,0.415315,-0.057692
0.503926,0.524360,0.457575,-0.062500
0.213690,0.598884,0.480162,-0.085714
0.213690,0.598884,0.480162,-0.085714
0.213690,0.598884,0.480162,-0.085714
-0.173645,0.640086,0.522989,-0.088235
-0.173645,0.640086,0.522989,-0.088235
-0.173645,0.640086,0.522989,-0.088235
-0.173645,0.640086,0.522989,-0.088235
-0.173645,0.640086,0.522989,-0.088235
-0.173645,0.640086,0.522989,-0.088235
-0.173645,0.640086,0.522989,-0.088235
-0.173645,0.640086,0.522989,-0.088235
-0.173645,0.640086,0.522989,-0.088235
-0.173645,0.640086,0.522989,-0.088235
-0.173645,0.640086,0.522989,-0.088235
-0.173645,0.640086,0.522989,-0.088235
-0.173645,0.640086,0.522989,-0.088235
-0.173645,0.640086,0.522989,-0.088235
0.671431,0.741258,0.520052,-0.050847
0.671431,0.741258,0.520052,-0.050847
0.637860,0.765967,0.537388,-0.054545
0.637860,0.765967,0.537388,-0.054545
0.637860,0.765967,0.537388,-0.054545
0.637860,0.765967,0.537388,-0.054545
0.637860,0.765967,0.537388,-0.054545
0.637860,0.765967,0.537388,-0.054545
0.637860,0.765967,0.537388,-0.054545
0.637860,0.765967,0.537388,-0.054545
0.637860,0.765967,0.537388,-0.054545
0.637860,0.765967,0.537388,-0.054545
0.637860,0.765967,0.537388,-0.054545
0.637860,0.765967,0.537388,-0.054545
0.637860,0.765967,0.537388,-0.054545
0.637860,0.765967,0.537388,-0.054545
0.347713,0.149997,0.586092,-0.117647
0.347713,0.149997,0.586092,-0.117647
0.347713,0.149997,0.586092,-0.117647
0.347713,0.149997,0.586092,-0.117647
0.347713,0.149997,0.586092,-0.117647
0.347713,0.149997,0.586092,-0.117647
0.347713,0.149997,0.586092,-0.117647
0.347713,0.149997,0.586092,-0.117647
0.347713,0.149997,0.586092,-0.117647
0.347713,0.149997,0.586092,-0.117647
0.347713,0.149997,0.586092,-0.117647
0.262145,0.044454,0.754933,-0.117647
0.262145,0.044454,0.754933,-0.117647
0.262145,0.044454,0.754933,-0.117647
0.262145,0.044454,0.754933,-0.117647
0.262145,0.044454,0.754933,-0.117647
0.262145,0.044454,0.754933,-0.117647
0.262145,0.044454,0.754933,-0.117647
0.262145,0.044454,0.754933,-0.117647
0.262145,0.044454,0.754933,-0.117647
0.262145,0.044454,0.754933,-0.117647
0.262145,0.044454,0.754933,-0.117647
0.242785,0.442402,0.687796,-0.117647
0.242785,0.442402,0.687796,-0.117647
0.242785,0.442402,0.687796,-0.117647
0.242785,0.442402,0.687796,-0.117647
0.242785,0.442402,0.687796,-0.117647
0.242785,0.442402,0.687796,-0.117647
0.242785,0.442402,0.687796,-0.117647
0.242785,0.442402,0.687796,-0.117647
0.242785,0.442402,0.687796,-0.117647
0.242785,0.442402,0.687796,-0.117647
0.242785,0.442402,0.687796,-0.117647
0.359228,0.736340,0.394707,-0.078947
0.359228,0.736340,0.394707,-0.078947
0.359228,0.736340,0.394707,-0.078947
0.359228,0.736340,0.394707,-0.078947
0.359228,0.736340,0.394707,-0.078947
0.359228,0.736340,0.394707,-0.078947
0.359228,0.736340,0.394707,-0.078947
0.359228,0.736340,0.394707,-0.078947
0.359228,0.736340,0.394707,-0.078947
0.359228,0.736340,0.394707,-0.078947
0.359228,0.736340,0.394707,-0.078947
0.683416,0.704047,0.442305,-0.051724
0.683416,0.704047,0.442305,-0.051724
0.615074,0.739250,0.464421,-0.055556
0.615074,0.739250,0.464421,-0.055556
0.569513,0.715782,0.457049,-0.057692
0.455611,0.797920,0.471792,-0.075000
0.455611,0.797920,0.471792,-0.075000
0.250586,0.786186,0.493908,-0.085714
0.250586,0.786186,0.493908,-0.085714
0.250586,0.786186,0.493908,-0.085714
-0.050623,0.863979,0.530766,-0.088235
-0.050623,0.863979,0.530766,-0.088235
-0.050623,0.863979,0.530766,-0.088235
-0.050623,0.863979,0.530766,-0.088235
-0.050623,0.863979,0.530766,-0.088235
-0.050623,0.863979,0.530766,-0.088235
-0.050623,0.863979,0.530766,-0.088235
-0.050623,0.863979,0.530766,-0.088235
-0.050623,0.863979,0.530766,-0.088235
-0.050623,0.863979,0.530766,-0.088235
-0.050623,0.863979,0.530766,-0.088235
-0.050623,0.863979,0.530766,-0.088235
-0.050623,0.863979,0.530766,-0.088235
-0.050623,0.863979,0.530766,-0.088235
0.019578,0.330858,0.424309,-0.133333
0.019578,0.330858,0.424309,-0.133333
0.019578,0.330858,0.424309,-0.133333
0.019578,0.330858,0.424309,-0.133333
0.019578,0.330858,0.424309,-0.133333
0.019578,0.330858,0.424309,-0.133333
0.019578,0.330858,0.424309,-0.133333
0.019578,0.330858,0.424309,-0.133333
0.019578,0.330858,0.424309,-0.133333
0.019578,0.330858,0.424309,-0.133333
0.270270,0.197054,0.821721,-0.117647
0.270270,0.197054,0.821721,-0.117647
0.270270,0.197054,0.821721,-0.117647
0.270270,0.197054,0.821721,-0.117647
0.270270,0.197054,0.821721,-0.117647
0.270270,0.197054,0.821721,-0.117647
0.270270,0.197054,0.821721,-0.117647
0.270270,0.197054,0.821721,-0.117647
0.270270,0.197054,0.821721,-0.117647
0.270270,0.197054,0.821721,-0.117647
0.270270,0.197054,0.821721,-0.117647
0.429921,0.887771,0.391183,-0.071429
0.429921,0.887771,0.391183,-0.071429
0.429921,0.887771,0.391183,-0.071429
0.401260,0.843382,0.423782,-0.075000
0.401260,0.843382,0.423782,-0.075000
0.401260,0.843382,0.423782,-0.075000
0.400729,0.805570,0.431267,-0.076923
0.400729,0.805570,0.431267,-0.076923
0.400729,0.805570,0.431267,-0.076923
0.349274,0.713139,0.471298,-0.085714
0.349274,0.713139,0.471298,-0.085714
0.349274,0.713139,0.471298,-0.085714
0.349274,0.713139,0.471298,-0.085714
0.349274,0.713139,0.471298,-0.085714
0.349274,0.713139,0.471298,-0.085714
0.349274,0.713139,0.471298,-0.085714
0.349274,0.713139,0.471298,-0.085714
0.349274,0.713139,0.471298,-0.085714
0.349274,0.713139,0.471298,-0.085714
0.349274,0.713139,0.471298,-0.085714
0.349274,0.713139,0.471298,-0.085714
0.349274,0.713139,0.471298,-0.085714
0.349274,0.713139,0.471298,-0.085714
0.349274,0.713139,0.471298,-0.085714
0.349274,0.713139,0.471298,-0.085714
0.769114,0.396792,0.808514,-0.047619
0.769114,0.396792,0.808514,-0.047619
0.692203,0.416631,0.848940,-0.057143
0.692203,0.416631,0.848940,-0.057143
0.692203,0.416631,0.848940,-0.057143
0.555472,0.454106,0.853432,-0.062500
0.555472,0.454106,0.853432,-0.062500
0.450074,0.484233,0.940272,-0.090909
0.450074,0.484233,0.940272,-0.090909
0.450074,0.484233,0.940272,-0.090909
0.450074,0.484233,0.940272,-0.090909
0.468959,0.478000,0.895576,-0.100000
0.468959,0.478000,0.895576,-0.100000
0.468959,0.478000,0.895576,-0.100000
0.468959,0.478000,0.895576,-0.100000
0.468959,0.478000,0.895576,-0.100000
0.468959,0.478000,0.895576,-0.100000
0.468959,0.478000,0.895576,-0.100000
0.468959,0.478000,0.895576,-0.100000
0.468959,0.478000,0.895576,-0.100000
0.468959,0.478000,0.895576,-0.100000
0.468959,0.478000,0.895576,-0.100000
0.468959,0.478000,0.895576,-0.100000
0.468959,0.478000,0.895576,-0.100000
0.468959,0.478000,0.895576,-0.100000
0.468959,0.478000,0.895576,-0.100000
0.755077,0.377396,0.216019,-0.051282
0.755077,0.377396,0.216019,-0.051282
0.679569,0.396265,0.226820,-0.062500
0.679569,0.396265,0.226820,-0.062500
0.679569,0.396265,0.226820,-0.062500
0.545333,0.398362,0.247222,-0.068966
0.545333,0.398362,0.247222,-0.068966
0.441860,0.438897,0.263623,-0.117647
0.187371,0.460562,0.290825,-0.142857
0.187371,0.460562,0.290825,-0.142857
0.187371,0.460562,0.290825,-0.142857
0.187371,0.460562,0.290825,-0.142857
0.187371,0.460562,0.290825,-0.142857
0.187371,0.460562,0.290825,-0.142857
0.187371,0.460562,0.290825,-0.142857
0.187371,0.460562,0.290825,-0.142857
0.187371,0.460562,0.290825,-0.142857
0.187371,0.460562,0.290825,-0.142857
0.187371,0.460562,0.290825,-0.142857
0.187371,0.460562,0.290825,-0.142857
0.187371,0.460562,0.290825,-0.142857
0.187371,0.460562,0.290825,-0.142857
0.187371,0.460562,0.290825,-0.142857
0.790407,0.949304,0.327565,-0.037037
0.790407,0.949304,0.327565,-0.037037
0.829928,0.854374,0.343944,-0.040541
0.750887,0.854374,0.360322,-0.044118
0.750887,0.854374,0.360322,-0.044118
0.790407,0.632869,0.393079,-0.046875
0.671846,0.601226,0.409457,-0.055556
0.671846,0.601226,0.409457,-0.055556
0.645499,0.094930,0.513186,-0.062500
0.421551,-0.000000,0.567780,-0.117647
0.421551,-0.000000,0.567780,-0.117647
0.421551,-0.000000,0.567780,-0.117647
0.421551,-0.000000,0.567780,-0.117647
0.421551,-0.000000,0.567780,-0.117647
0.421551,-0.000000,0.567780,-0.117647
0.421551,-0.000000,0.567780,-0.117647
0.421551,-0.000000,0.567780,-0.117647
0.421551,-0.000000,0.567780,-0.117647
0.421551,-0.000000,0.567780,-0.117647
0.421551,-0.000000,0.567780,-0.117647
0.421551,-0.000000,0.567780,-0.117647
0.421551,-0.000000,0.567780,-0.117647
0.421551,-0.000000,0.567780,-0.117647
0.421551,-0.000000,0.567780,-0.117647
0.421551,-0.000000,0.567780,-0.117647
0.421551,-0.000000,0.567780,-0.117647
0.671264,0.438645,0.833501,-0.058824
0.671264,0.438645,0.833501,-0.058824
0.604138,0.460577,0.875176,-0.062500
0.604138,0.460577,0.875176,-0.062500
0.604138,0.460577,0.875176,-0.062500
0.604138,0.460577,0.875176,-0.062500
0.604138,0.460577,0.875176,-0.062500
0.604138,0.460577,0.875176,-0.062500
0.604138,0.460577,0.875176,-0.062500
0.604138,0.460577,0.875176,-0.062500
0.604138,0.460577,0.875176,-0.062500
0.604138,0.460577,0.875176,-0.062500
0.604138,0.460577,0.875176,-0.062500
0.604138,0.460577,0.875176,-0.062500
0.604138,0.460577,0.875176,-0.062500
0.604138,0.460577,0.875176,-0.062500
0.604138,0.460577,0.875176,-0.062500
0.768854,0.167254,0.861980,-0.048780
0.768854,0.167254,0.861980,-0.048780
0.691969,0.175616,0.905080,-0.060606
0.691969,0.175616,0.905080,-0.060606
0.691969,0.175616,0.905080,-0.060606
0.555284,0.191412,0.909868,-0.064516
0.555284,0.191412,0.909868,-0.064516
0.449922,0.204111,1.002451,-0.117647
0.449922,0.204111,1.002451,-0.117647
0.449922,0.204111,1.002451,-0.117647
0.449922,0.204111,1.002451,-0.117647
0.449922,0.204111,1.002451,-0.117647
0.449922,0.204111,1.002451,-0.117647
0.449922,0.204111,1.002451,-0.117647
0.449922,0.204111,1.002451,-0.117647
0.449922,0.204111,1.002451,-0.117647
0.449922,0.204111,1.002451,-0.117647
0.449922,0.204111,1.002451,-0.117647
0.449922,0.204111,1.002451,-0.117647
0.449922,0.204111,1.002451,-0.117647
0.449922,0.204111,1.002451,-0.117647
0.449922,0.204111,1.002451,-0.117647
0.989872,0.514423,0.884281,-0.042857
0.989872,0.514423,0.884281,-0.042857
0.890885,0.540145,0.928495,-0.044118
0.890885,0.540145,0.928495,-0.044118
0.824893,0.522997,0.913757,-0.045455
0.659915,0.583013,0.943233,-0.055556
0.659915,0.583013,0.943233,-0.055556
0.362953,0.574440,0.987447,-0.083333
0.362953,0.574440,0.987447,-0.083333
0.362953,0.574440,0.987447,-0.083333
0.362953,0.574440,0.987447,-0.083333
0.362953,0.574440,0.987447,-0.083333
0.362953,0.574440,0.987447,-0.083333
0.362953,0.574440,0.987447,-0.083333
0.362953,0.574440,0.987447,-0.083333
0.362953,0.574440,0.987447,-0.083333
0.362953,0.574440,0.987447,-0.083333
0.362953,0.574440,0.987447,-0.083333
0.362953,0.574440,0.987447,-0.083333
0.362953,0.574440,0.987447,-0.083333
0.362953,0.574440,0.987447,-0.083333
0.362953,0.574440,0.987447,-0.083333
0.362953,0.574440,0.987447,-0.083333
0.588026,0.154752,0.199863,-0.071429
0.588026,0.154752,0.199863,-0.071429
0.588026,0.154752,0.199863,-0.071429
0.588026,0.154752,0.199863,-0.071429
0.588026,0.154752,0.199863,-0.071429
0.588026,0.154752,0.199863,-0.071429
0.588026,0.154752,0.199863,-0.071429
0.588026,0.154752,0.199863,-0.071429
0.588026,0.154752,0.199863,-0.071429
0.588026,0.154752,0.199863,-0.071429
0.588026,0.154752,0.199863,-0.071429
0.406955,0.748706,0.825584,-0.075000
0.406955,0.748706,0.825584,-0.075000
0.406955,0.748706,0.825584,-0.075000
0.406955,0.748706,0.825584,-0.075000
0.406955,0.748706,0.825584,-0.075000
0.406955,0.748706,0.825584,-0.075000
0.406955,0.748706,0.825584,-0.075000
0.406955,0.748706,0.825584,-0.075000
0.406955,0.748706,0.825584,-0.075000
0.406955,0.748706,0.825584,-0.075000
0.406955,0.748706,0.825584,-0.075000
0.789963,0.318524,0.534064,-0.048780
0.789963,0.318524,0.534064,-0.048780
0.789963,0.318524,0.534064,-0.048780
0.789963,0.318524,0.534064,-0.048780
0.789963,0.318524,0.534064,-0.048780
0.789963,0.318524,0.534064,-0.048780
0.789963,0.318524,0.534064,-0.048780
0.789963,0.318524,0.534064,-0.048780
0.789963,0.318524,0.534064,-0.048780
0.789963,0.318524,0.534064,-0.048780
0.789963,0.318524,0.534064,-0.048780
0.789963,0.318524,0.534064,-0.048780
0.089951,0.111706,0.136293,-0.222222
0.089951,0.111706,0.136293,-0.222222
0.089951,0.111706,0.136293,-0.222222
0.089951,0.111706,0.136293,-0.222222
0.089951,0.111706,0.136293,-0.222222
0.089951,0.111706,0.136293,-0.222222
0.089951,0.111706,0.136293,-0.222222
0.089951,0.111706,0.136293,-0.222222
0.089951,0.111706,0.136293,-0.222222
0.678652,0.495177,0.189710,-0.076923
0.678652,0.495177,0.189710,-0.076923
0.678652,0.495177,0.189710,-0.076923
0.678652,0.495177,0.189710,-0.076923
0.678652,0.495177,0.189710,-0.076923
0.678652,0.495177,0.189710,-0.076923
0.678652,0.495177,0.189710,-0.076923
0.678652,0.495177,0.189710,-0.076923
0.678652,0.495177,0.189710,-0.076923
0.678652,0.495177,0.189710,-0.076923
0.678652,0.495177,0.189710,-0.076923
0.678652,0.495177,0.189710,-0.076923
0.678652,0.495177,0.189710,-0.076923
0.678652,0.495177,0.189710,-0.076923
0.495006,0.147608,0.054974,-0.111111
0.495006,0.147608,0.054974,-0.111111
0.470256,0.152528,0.056807,-0.142857
0.470256,0.152528,0.056807,-0.142857
0.470256,0.152528,0.056807,-0.142857
0.470256,0.152528,0.056807,-0.142857
0.470256,0.152528,0.056807,-0.142857
0.470256,0.152528,0.056807,-0.142857
0.470256,0.152528,0.056807,-0.142857
0.470256,0.152528,0.056807,-0.142857
0.470256,0.152528,0.056807,-0.142857
0.470256,0.152528,0.056807,-0.142857
0.470256,0.152528,0.056807,-0.142857
0.850713,0.560560,0.929609,-0.044776
0.850713,0.560560,0.929609,-0.044776
0.765641,0.588588,0.976089,-0.047619
0.765641,0.588588,0.976089,-0.047619
0.708927,0.569902,0.960596,-0.050847
0.567142,0.635301,0.991583,-0.056604
0.453713,0.597930,1.100037,-0.076923
0.198500,0.625958,1.100037,-0.083333
0.198500,0.625958,1.100037,-0.083333
0.198500,0.625958,1.100037,-0.083333
0.198500,0.625958,1.100037,-0.083333
0.198500,0.625958,1.100037,-0.083333
0.198500,0.625958,1.100037,-0.083333
0.198500,0.625958,1.100037,-0.083333
0.198500,0.625958,1.100037,-0.083333
0.198500,0.625958,1.100037,-0.083333
0.198500,0.625958,1.100037,-0.083333
0.198500,0.625958,1.100037,-0.083333
0.198500,0.625958,1.100037,-0.083333
0.198500,0.625958,1.100037,-0.083333
0.198500,0.625958,1.100037,-0.083333
0.198500,0.625958,1.100037,-0.083333
0.198500,0.625958,1.100037,-0.083333
0.696667,0.582791,0.815397,-0.051724
0.696667,0.582791,0.815397,-0.051724
0.627000,0.611931,0.856167,-0.056604
0.627000,0.611931,0.856167,-0.056604
0.627000,0.611931,0.856167,-0.056604
0.503149,0.615168,0.933177,-0.058824
0.503149,0.615168,0.933177,-0.058824
0.397358,0.685319,0.984517,-0.075000
0.351774,0.657978,1.045420,-0.083333
0.351774,0.657978,1.045420,-0.083333
0.351774,0.657978,1.045420,-0.083333
0.351774,0.657978,1.045420,-0.083333
0.351774,0.657978,1.045420,-0.083333
0.351774,0.657978,1.045420,-0.083333
0.351774,0.657978,1.045420,-0.083333
0.351774,0.657978,1.045420,-0.083333
0.351774,0.657978,1.045420,-0.083333
0.351774,0.657978,1.045420,-0.083333
0.351774,0.657978,1.045420,-0.083333
0.351774,0.657978,1.045420,-0.083333
0.351774,0.657978,1.045420,-0.083333
0.351774,0.657978,1.045420,-0.083333
0.351774,0.657978,1.045420,-0.083333
0.879014,0.988912,0.000522,-0.010417
0.879014,0.988912,0.000522,-0.010417
0.922965,0.890020,0.000548,-0.013889
0.835063,0.890020,0.000575,-0.014706
0.879014,0.791129,0.000548,-0.015873
0.879014,0.593347,0.000627,-0.017857
0.747162,0.494456,0.000653,-0.026316
0.747162,0.494456,0.000653,-0.026316
0.747162,0.494456,0.000653,-0.026316
0.747162,0.494456,0.000653,-0.026316
0.747162,0.494456,0.000653,-0.026316
0.747162,0.494456,0.000653,-0.026316
0.747162,0.494456,0.000653,-0.026316
0.747162,0.494456,0.000653,-0.026316
0.747162,0.494456,0.000653,-0.026316
0.747162,0.494456,0.000653,-0.026316
0.747162,0.494456,0.000653,-0.026316
0.747162,0.494456,0.000653,-0.026316
0.747162,0.494456,0.000653,-0.026316
0.738463,0.495143,0.000652,-0.027027
0.738463,0.495143,0.000652,-0.027027
0.738463,0.495143,0.000652,-0.027027
0.738463,0.495143,0.000652,-0.027027
0.738463,0.495143,0.000652,-0.027027
0.738463,0.495143,0.000652,-0.027027
0.738463,0.495143,0.000652,-0.027027
0.738463,0.495143,0.000652,-0.027027
0.738463,0.495143,0.000652,-0.027027
0.738463,0.495143,0.000652,-0.027027
0.738463,0.495143,0.000652,-0.027027
0.865439,0.612566,0.989950,-0.044776
0.865439,0.612566,0.989950,-0.044776
0.865439,0.612566,0.989950,-0.044776
0.865439,0.612566,0.989950,-0.044776
0.865439,0.612566,0.989950,-0.044776
0.865439,0.612566,0.989950,-0.044776
0.865439,0.612566,0.989950,-0.044776
0.865439,0.612566,0.989950,-0.044776
0.865439,0.612566,0.989950,-0.044776
0.865439,0.612566,0.989950,-0.044776
0.865439,0.612566,0.989950,-0.044776
0.865439,0.612566,0.989950,-0.044776
0.865439,0.612566,0.989950,-0.044776
0.527680,0.479523,0.801348,-0.062500
0.527680,0.479523,0.801348,-0.062500
0.527680,0.479523,0.801348,-0.062500
0.536475,0.467535,0.814703,-0.064516
0.536475,0.467535,0.814703,-0.064516
0.536475,0.467535,0.814703,-0.064516
0.536475,0.467535,0.814703,-0.064516
0.536475,0.467535,0.814703,-0.064516
0.536475,0.467535,0.814703,-0.064516
0.536475,0.467535,0.814703,-0.064516
0.536475,0.467535,0.814703,-0.064516
0.536475,0.467535,0.814703,-0.064516
0.536475,0.467535,0.814703,-0.064516
0.536475,0.467535,0.814703,-0.064516
0.536475,0.467535,0.814703,-0.064516
0.227843,0.498094,0.900852,-0.125000
0.227843,0.498094,0.900852,-0.125000
0.227843,0.498094,0.900852,-0.125000
0.227843,0.498094,0.900852,-0.125000
0.227843,0.498094,0.900852,-0.125000
0.227843,0.498094,0.900852,-0.125000
0.227843,0.498094,0.900852,-0.125000
0.227843,0.498094,0.900852,-0.125000
0.227843,0.498094,0.900852,-0.125000
0.227843,0.498094,0.900852,-0.125000
0.227843,0.498094,0.900852,-0.125000
0.227843,0.498094,0.900852,-0.125000
0.227843,0.498094,0.900852,-0.125000
0.227843,0.498094,0.900852,-0.125000
0.574661,0.845178,0.738640,-0.053571
0.574661,0.845178,0.738640,-0.053571
0.574661,0.845178,0.738640,-0.053571
0.574661,0.845178,0.738640,-0.053571
0.574661,0.845178,0.738640,-0.053571
0.574661,0.845178,0.738640,-0.053571
0.574661,0.845178,0.738640,-0.053571
0.574661,0.845178,0.738640,-0.053571
0.574661,0.845178,0.738640,-0.053571
0.574661,0.845178,0.738640,-0.053571
0.574661,0.845178,0.738640,-0.053571
0.574661,0.845178,0.738640,-0.053571
0.574661,0.845178,0.738640,-0.053571
0.585987,0.246735,0.666416,-0.062500
0.585987,0.246735,0.666416,-0.062500
0.585987,0.246735,0.666416,-0.062500
0.585987,0.246735,0.666416,-0.062500
0.585987,0.246735,0.666416,-0.062500
0.585987,0.246735,0.666416,-0.062500
0.585987,0.246735,0.666416,-0.062500
0.585987,0.246735,0.666416,-0.062500
0.585987,0.246735,0.666416,-0.062500
0.585987,0.246735,0.666416,-0.062500
0.585987,0.246735,0.666416,-0.062500
0.083483,0.625960,0.660945,-0.083333
0.083483,0.625960,0.660945,-0.083333
0.083483,0.625960,0.660945,-0.083333
0.083483,0.625960,0.660945,-0.083333
0.083483,0.625960,0.660945,-0.083333
0.083483,0.625960,0.660945,-0.083333
0.083483,0.625960,0.660945,-0.083333
0.083483,0.625960,0.660945,-0.083333
0.083483,0.625960,0.660945,-0.083333
0.083483,0.625960,0.660945,-0.083333
0.083483,0.625960,0.660945,-0.083333
0.729752,0.890752,0.982303,-0.043478
0.729752,0.890752,0.982303,-0.043478
0.729752,0.890752,0.982303,-0.043478
0.681102,0.846215,1.064162,-0.046875
0.681102,0.846215,1.064162,-0.046875
0.681102,0.846215,1.064162,-0.046875
0.554071,0.841266,1.160573,-0.053571
0.554071,0.841266,1.160573,-0.053571
0.506322,0.745593,1.305493,-0.058824
0.288297,0.694457,1.466785,-0.083333
0.288297,0.694457,1.466785,-0.083333
0.288297,0.694457,1.466785,-0.083333
0.288297,0.694457,1.466785,-0.083333
0.288297,0.694457,1.466785,-0.083333
0.288297,0.694457,1.466785,-0.083333
0.288297,0.694457,1.466785,-0.083333
0.288297,0.694457,1.466785,-0.083333
0.288297,0.694457,1.466785,-0.083333
0.288297,0.694457,1.466785,-0.083333
0.288297,0.694457,1.466785,-0.083333
0.288297,0.694457,1.466785,-0.083333
0.288297,0.694457,1.466785,-0.083333
0.288297,0.694457,1.466785,-0.083333
0.288297,0.694457,1.466785,-0.083333
0.288297,0.694457,1.466785,-0.083333
0.769029,0.581446,0.928313,-0.047619
0.769029,0.581446,0.928313,-0.047619
0.692126,0.610519,0.974729,-0.051724
0.692126,0.610519,0.974729,-0.051724
0.640858,0.591137,0.959257,-0.056604
0.640858,0.591137,0.959257,-0.056604
0.640858,0.591137,0.959257,-0.056604
0.424390,0.606212,1.002234,-0.076923
0.424390,0.606212,1.002234,-0.076923
0.424390,0.606212,1.002234,-0.076923
0.315945,0.609003,0.968935,-0.083333
0.315945,0.609003,0.968935,-0.083333
0.315945,0.609003,0.968935,-0.083333
0.315945,0.609003,0.968935,-0.083333
0.315945,0.609003,0.968935,-0.083333
0.315945,0.609003,0.968935,-0.083333
0.315945,0.609003,0.968935,-0.083333
0.315945,0.609003,0.968935,-0.083333
0.315945,0.609003,0.968935,-0.083333
0.315945,0.609003,0.968935,-0.083333
0.315945,0.609003,0.968935,-0.083333
0.315945,0.609003,0.968935,-0.083333
0.315945,0.609003,0.968935,-0.083333
0.315945,0.609003,0.968935,-0.083333
0.315945,0.609003,0.968935,-0.083333
0.580090,0.016983,0.120860,-0.076923
0.580090,0.016983,0.120860,-0.076923
0.522081,0.017832,0.126903,-0.090909
0.522081,0.017832,0.126903,-0.090909
0.522081,0.017832,0.126903,-0.090909
0.472666,0.018618,0.125336,-0.181818
0.472666,0.018618,0.125336,-0.181818
0.472666,0.018618,0.125336,-0.181818
0.472666,0.018618,0.125336,-0.181818
0.472666,0.018618,0.125336,-0.181818
0.472666,0.018618,0.125336,-0.181818
0.472666,0.018618,0.125336,-0.181818
0.472666,0.018618,0.125336,-0.181818
0.472666,0.018618,0.125336,-0.181818
0.472666,0.018618,0.125336,-0.181818
0.472666,0.018618,0.125336,-0.181818
0.472666,0.018618,0.125336,-0.181818
0.472666,0.018618,0.125336,-0.181818
0.862711,0.484297,0.844856,-0.038462
0.862711,0.508511,0.844856,-0.045455
0.776440,0.508511,0.887098,-0.048387
0.776440,0.508511,0.887098,-0.048387
0.776440,0.508511,0.887098,-0.048387
0.623069,0.546179,0.891792,-0.056604
0.623069,0.546179,0.891792,-0.056604
0.623069,0.546179,0.891792,-0.056604
0.301416,0.602979,0.991402,-0.083333
0.301416,0.602979,0.991402,-0.083333
0.301416,0.602979,0.991402,-0.083333
0.301416,0.602979,0.991402,-0.083333
0.301416,0.602979,0.991402,-0.083333
0.301416,0.602979,0.991402,-0.083333
0.301416,0.602979,0.991402,-0.083333
0.301416,0.602979,0.991402,-0.083333
0.301416,0.602979,0.991402,-0.083333
0.301416,0.602979,0.991402,-0.083333
0.301416,0.602979,0.991402,-0.083333
0.301416,0.602979,0.991402,-0.083333
0.301416,0.602979,0.991402,-0.083333
0.301416,0.602979,0.991402,-0.083333
0.301416,0.602979,0.991402,-0.083333
0.301416,0.602979,0.991402,-0.083333
0.301416,0.602979,0.991402,-0.083333
0.209405,0.552291,0.629883,-0.083333
0.209405,0.552291,0.629883,-0.083333
0.209405,0.552291,0.629883,-0.083333
0.209405,0.552291,0.629883,-0.083333
0.209405,0.552291,0.629883,-0.083333
0.209405,0.552291,0.629883,-0.083333
0.209405,0.552291,0.629883,-0.083333
0.209405,0.552291,0.629883,-0.083333
0.209405,0.552291,0.629883,-0.083333
0.209405,0.552291,0.629883,-0.083333
0.209405,0.552291,0.629883,-0.083333
0.031991,0.614713,0.362411,-0.088235
0.031991,0.614713,0.362411,-0.088235
0.031991,0.614713,0.362411,-0.088235
0.031991,0.614713,0.362411,-0.088235
0.031991,0.614713,0.362411,-0.088235
0.031991,0.614713,0.362411,-0.088235
0.031991,0.614713,0.362411,-0.088235
0.031991,0.614713,0.362411,-0.088235
0.031991,0.614713,0.362411,-0.088235
0.031991,0.614713,0.362411,-0.088235
0.031991,0.614713,0.362411,-0.088235
0.049533,0.489570,0.192510,-0.200000
0.049533,0.489570,0.192510,-0.200000
0.049533,0.489570,0.192510,-0.200000
0.049533,0.489570,0.192510,-0.200000
0.049533,0.489570,0.192510,-0.200000
0.049533,0.489570,0.192510,-0.200000
0.049533,0.489570,0.192510,-0.200000
0.049533,0.489570,0.192510,-0.200000
0.049533,0.489570,0.192510,-0.200000
0.049533,0.489570,0.192510,-0.200000
0.123084,0.205494,0.146515,-0.222222
0.123084,0.205494,0.146515,-0.222222
0.123084,0.205494,0.146515,-0.222222
0.123084,0.205494,0.146515,-0.222222
0.123084,0.205494,0.146515,-0.222222
0.123084,0.205494,0.146515,-0.222222
0.123084,0.205494,0.146515,-0.222222
0.123084,0.205494,0.146515,-0.222222
0.123084,0.205494,0.146515,-0.222222
